"id","event","event_date","data_name","data_value"
"20562","clientLogIn","2020-08-12T06:16:15Z","clientId","p3"
"20562","clientLogIn","2020-08-12T06:16:15Z","referer","http://yanzuxu.nat300.top/game/193/804/p3/connected"
"20562","clientLogIn","2020-08-12T06:16:15Z","connection","keep-alive"
"20562","clientLogIn","2020-08-12T06:16:15Z","acceptLanguage","zh-CN,zh;q=0.9"
"20562","clientLogIn","2020-08-12T06:16:15Z","acceptEncoding","gzip, deflate"
"20562","clientLogIn","2020-08-12T06:16:15Z","userAgent","Mozilla/5.0 (Macintosh; Intel Mac OS X 10_15_6) AppleWebKit/537.36 (KHTML, like Gecko) Chrome/84.0.4147.105 Safari/537.36"
"20562","clientLogIn","2020-08-12T06:16:15Z","host","yanzuxu.nat300.top"
"20562","clientLogIn","2020-08-12T06:16:15Z","ipAddress","192.168.31.144"
"20562","clientLogIn","2020-08-12T06:16:15Z","requestURI","/game/193/804/p3/state"
"20563","StartedTutorial","2020-08-12T06:16:16Z","pid","p3"
"20564","clientLogIn","2020-08-12T06:16:17Z","clientId","p2"
"20564","clientLogIn","2020-08-12T06:16:17Z","referer","http://yanzuxu.nat300.top/game/193/804/p2/connected"
"20564","clientLogIn","2020-08-12T06:16:17Z","connection","keep-alive"
"20564","clientLogIn","2020-08-12T06:16:17Z","acceptLanguage","zh-TW,zh;q=0.9,en-US;q=0.8,en;q=0.7,zh-CN;q=0.6"
"20564","clientLogIn","2020-08-12T06:16:17Z","acceptEncoding","gzip, deflate"
"20564","clientLogIn","2020-08-12T06:16:17Z","userAgent","Mozilla/5.0 (Macintosh; Intel Mac OS X 10_15_5) AppleWebKit/537.36 (KHTML, like Gecko) Chrome/83.0.4103.106 Safari/537.36"
"20564","clientLogIn","2020-08-12T06:16:17Z","host","yanzuxu.nat300.top"
"20564","clientLogIn","2020-08-12T06:16:17Z","ipAddress","192.168.31.144"
"20564","clientLogIn","2020-08-12T06:16:17Z","requestURI","/game/193/804/p2/state"
"20565","clientLogIn","2020-08-12T06:16:18Z","clientId","p6"
"20565","clientLogIn","2020-08-12T06:16:18Z","referer","http://yanzuxu.nat300.top/game/193/804/p6/connected"
"20565","clientLogIn","2020-08-12T06:16:18Z","connection","keep-alive"
"20565","clientLogIn","2020-08-12T06:16:18Z","acceptLanguage","zh-CN,zh;q=0.9,en;q=0.8"
"20565","clientLogIn","2020-08-12T06:16:18Z","acceptEncoding","gzip, deflate"
"20565","clientLogIn","2020-08-12T06:16:18Z","userAgent","Mozilla/5.0 (Windows NT 10.0; Win64; x64) AppleWebKit/537.36 (KHTML, like Gecko) Chrome/84.0.4147.105 Safari/537.36"
"20565","clientLogIn","2020-08-12T06:16:18Z","host","yanzuxu.nat300.top"
"20565","clientLogIn","2020-08-12T06:16:18Z","ipAddress","192.168.31.144"
"20565","clientLogIn","2020-08-12T06:16:18Z","requestURI","/game/193/804/p6/state"
"20566","clientLogIn","2020-08-12T06:16:18Z","clientId","p5"
"20566","clientLogIn","2020-08-12T06:16:18Z","referer","http://yanzuxu.nat300.top/game/193/804/p5/connected"
"20566","clientLogIn","2020-08-12T06:16:18Z","connection","keep-alive"
"20566","clientLogIn","2020-08-12T06:16:18Z","acceptLanguage","en-GB,en;q=0.9,zh-CN;q=0.8,zh-TW;q=0.7,zh;q=0.6,ja;q=0.5"
"20566","clientLogIn","2020-08-12T06:16:18Z","acceptEncoding","gzip, deflate"
"20566","clientLogIn","2020-08-12T06:16:18Z","userAgent","Mozilla/5.0 (Macintosh; Intel Mac OS X 10_14_6) AppleWebKit/537.36 (KHTML, like Gecko) Chrome/84.0.4147.105 Safari/537.36"
"20566","clientLogIn","2020-08-12T06:16:18Z","host","yanzuxu.nat300.top"
"20566","clientLogIn","2020-08-12T06:16:18Z","ipAddress","192.168.31.144"
"20566","clientLogIn","2020-08-12T06:16:18Z","requestURI","/game/193/804/p5/state"
"20567","StartedTutorial","2020-08-12T06:16:18Z","pid","p2"
"20568","StartedTutorial","2020-08-12T06:16:20Z","pid","p6"
"20569","StartedTutorial","2020-08-12T06:16:20Z","pid","p5"
"20570","practice_distributeBW","2020-08-12T06:16:31Z","pid","p3"
"20570","practice_distributeBW","2020-08-12T06:16:31Z","pround","0"
"20570","practice_distributeBW","2020-08-12T06:16:31Z","p3_3","12"
"20570","practice_distributeBW","2020-08-12T06:16:31Z","p3_2","21"
"20570","practice_distributeBW","2020-08-12T06:16:31Z","p3_1","21"
"20571","practice_distributeBW","2020-08-12T06:16:32Z","pid","p2"
"20571","practice_distributeBW","2020-08-12T06:16:32Z","pround","0"
"20571","practice_distributeBW","2020-08-12T06:16:32Z","p2_3","1"
"20571","practice_distributeBW","2020-08-12T06:16:32Z","p2_2","1"
"20571","practice_distributeBW","2020-08-12T06:16:32Z","p2_1","1"
"20572","practice_distributeBW","2020-08-12T06:16:33Z","pid","p5"
"20572","practice_distributeBW","2020-08-12T06:16:33Z","pround","0"
"20572","practice_distributeBW","2020-08-12T06:16:33Z","p5_1","0"
"20572","practice_distributeBW","2020-08-12T06:16:33Z","p5_3","0"
"20572","practice_distributeBW","2020-08-12T06:16:33Z","p5_2","0"
"20573","practice_distributeBW","2020-08-12T06:16:35Z","pid","p6"
"20573","practice_distributeBW","2020-08-12T06:16:35Z","pround","0"
"20573","practice_distributeBW","2020-08-12T06:16:35Z","p6_3","5"
"20573","practice_distributeBW","2020-08-12T06:16:35Z","p6_2","5"
"20573","practice_distributeBW","2020-08-12T06:16:35Z","p6_1","2"
"20574","clientLogIn","2020-08-12T06:16:36Z","ipAddress","192.168.31.144"
"20574","clientLogIn","2020-08-12T06:16:36Z","requestURI","/game/193/804/p4/state"
"20574","clientLogIn","2020-08-12T06:16:36Z","clientId","p4"
"20574","clientLogIn","2020-08-12T06:16:36Z","referer","http://yanzuxu.nat300.top/game/193/804/p4/connected"
"20574","clientLogIn","2020-08-12T06:16:36Z","connection","keep-alive"
"20574","clientLogIn","2020-08-12T06:16:36Z","acceptLanguage","zh-CN,zh;q=0.9,en-US;q=0.8,en;q=0.7"
"20574","clientLogIn","2020-08-12T06:16:36Z","acceptEncoding","gzip, deflate"
"20574","clientLogIn","2020-08-12T06:16:36Z","userAgent","Mozilla/5.0 (Macintosh; Intel Mac OS X 10_15_6) AppleWebKit/537.36 (KHTML, like Gecko) Chrome/84.0.4147.125 Safari/537.36"
"20574","clientLogIn","2020-08-12T06:16:36Z","host","yanzuxu.nat300.top"
"20575","StartedTutorial","2020-08-12T06:16:37Z","pid","p4"
"20576","practice_distributeBW","2020-08-12T06:16:40Z","pid","p3"
"20576","practice_distributeBW","2020-08-12T06:16:40Z","pround","1"
"20576","practice_distributeBW","2020-08-12T06:16:40Z","p3_3","13"
"20576","practice_distributeBW","2020-08-12T06:16:40Z","p3_2","21"
"20576","practice_distributeBW","2020-08-12T06:16:40Z","p3_1","21"
"20581","practice_distributeBW","2020-08-12T06:16:41Z","pid","p2"
"20581","practice_distributeBW","2020-08-12T06:16:41Z","pround","1"
"20581","practice_distributeBW","2020-08-12T06:16:41Z","p2_3","1"
"20581","practice_distributeBW","2020-08-12T06:16:41Z","p2_2","1"
"20581","practice_distributeBW","2020-08-12T06:16:41Z","p2_1","1"
"20582","practice_distributeBW","2020-08-12T06:16:44Z","pid","p5"
"20582","practice_distributeBW","2020-08-12T06:16:44Z","pround","1"
"20582","practice_distributeBW","2020-08-12T06:16:44Z","p5_1","10"
"20582","practice_distributeBW","2020-08-12T06:16:44Z","p5_3","10"
"20582","practice_distributeBW","2020-08-12T06:16:44Z","p5_2","10"
"20583","practice_distributeBW","2020-08-12T06:16:44Z","pid","p6"
"20583","practice_distributeBW","2020-08-12T06:16:44Z","pround","1"
"20583","practice_distributeBW","2020-08-12T06:16:44Z","p6_3","5"
"20583","practice_distributeBW","2020-08-12T06:16:44Z","p6_2","5"
"20583","practice_distributeBW","2020-08-12T06:16:44Z","p6_1","5"
"20584","practice_distributeBW","2020-08-12T06:16:45Z","pid","p4"
"20584","practice_distributeBW","2020-08-12T06:16:45Z","pround","0"
"20584","practice_distributeBW","2020-08-12T06:16:45Z","p4_2","1"
"20584","practice_distributeBW","2020-08-12T06:16:45Z","p4_1","1"
"20584","practice_distributeBW","2020-08-12T06:16:45Z","p4_3","1"
"20585","Test1","2020-08-12T06:16:51Z","pid","p3"
"20585","Test1","2020-08-12T06:16:51Z","passed","true"
"20585","Test1","2020-08-12T06:16:51Z","answer","Total Internet (Mbps) you have received."
"20586","Test1","2020-08-12T06:16:52Z","pid","p2"
"20586","Test1","2020-08-12T06:16:52Z","passed","true"
"20586","Test1","2020-08-12T06:16:52Z","answer","Total Internet (Mbps) you have received."
"20587","Test2","2020-08-12T06:16:53Z","pid","p3"
"20587","Test2","2020-08-12T06:16:53Z","passed","true"
"20587","Test2","2020-08-12T06:16:53Z","answer","You have to make the sharing decision within 90 seconds."
"20588","practice_distributeBW","2020-08-12T06:16:54Z","pid","p4"
"20588","practice_distributeBW","2020-08-12T06:16:54Z","pround","1"
"20588","practice_distributeBW","2020-08-12T06:16:54Z","p4_2","1"
"20588","practice_distributeBW","2020-08-12T06:16:54Z","p4_1","1"
"20588","practice_distributeBW","2020-08-12T06:16:54Z","p4_3","1"
"20589","Test2","2020-08-12T06:16:56Z","pid","p2"
"20589","Test2","2020-08-12T06:16:56Z","passed","true"
"20589","Test2","2020-08-12T06:16:56Z","answer","You have to make the sharing decision within 90 seconds."
"20590","Test3","2020-08-12T06:16:57Z","pid","p3"
"20590","Test3","2020-08-12T06:16:57Z","passed","true"
"20590","Test3","2020-08-12T06:16:57Z","answer","Player 'E' is one of players with whom you can share your Internet."
"20591","PlayerWaiting","2020-08-12T06:16:58Z","pid","p3"
"20592","Test3","2020-08-12T06:16:58Z","pid","p2"
"20592","Test3","2020-08-12T06:16:58Z","passed","true"
"20592","Test3","2020-08-12T06:16:58Z","answer","Player 'E' is one of players with whom you can share your Internet."
"20593","Test1","2020-08-12T06:16:59Z","pid","p6"
"20593","Test1","2020-08-12T06:16:59Z","passed","true"
"20593","Test1","2020-08-12T06:16:59Z","answer","Total Internet (Mbps) you have received."
"20594","PlayerWaiting","2020-08-12T06:16:59Z","pid","p2"
"20595","clientLogIn","2020-08-12T06:17:01Z","clientId","p1"
"20595","clientLogIn","2020-08-12T06:17:01Z","referer","http://yanzuxu.nat300.top/game/193/804/p1/connected"
"20595","clientLogIn","2020-08-12T06:17:01Z","connection","keep-alive"
"20595","clientLogIn","2020-08-12T06:17:01Z","acceptLanguage","zh-CN,zh;q=0.9,en;q=0.8,en-US;q=0.7"
"20595","clientLogIn","2020-08-12T06:17:01Z","acceptEncoding","gzip, deflate"
"20595","clientLogIn","2020-08-12T06:17:01Z","userAgent","Mozilla/5.0 (Macintosh; Intel Mac OS X 10_15_5) AppleWebKit/537.36 (KHTML, like Gecko) Chrome/84.0.4147.89 Safari/537.36"
"20595","clientLogIn","2020-08-12T06:17:01Z","host","yanzuxu.nat300.top"
"20595","clientLogIn","2020-08-12T06:17:01Z","ipAddress","192.168.31.144"
"20595","clientLogIn","2020-08-12T06:17:01Z","requestURI","/game/193/804/p1/state"
"20596","StartedTutorial","2020-08-12T06:17:02Z","pid","p1"
"20597","Test2","2020-08-12T06:17:02Z","pid","p6"
"20597","Test2","2020-08-12T06:17:02Z","passed","true"
"20597","Test2","2020-08-12T06:17:02Z","answer","You have to make the sharing decision within 90 seconds."
"20598","Test1","2020-08-12T06:17:03Z","pid","p4"
"20598","Test1","2020-08-12T06:17:03Z","passed","true"
"20598","Test1","2020-08-12T06:17:03Z","answer","Total Internet (Mbps) you have received."
"20599","Test2","2020-08-12T06:17:05Z","pid","p4"
"20599","Test2","2020-08-12T06:17:05Z","passed","true"
"20599","Test2","2020-08-12T06:17:05Z","answer","You have to make the sharing decision within 90 seconds."
"20600","Test3","2020-08-12T06:17:06Z","pid","p6"
"20600","Test3","2020-08-12T06:17:06Z","passed","true"
"20600","Test3","2020-08-12T06:17:06Z","answer","Player 'E' is one of players with whom you can share your Internet."
"20609","PlayerWaiting","2020-08-12T06:17:07Z","pid","p6"
"20610","Test3","2020-08-12T06:17:07Z","pid","p4"
"20610","Test3","2020-08-12T06:17:07Z","passed","true"
"20610","Test3","2020-08-12T06:17:07Z","answer","Player 'E' is one of players with whom you can share your Internet."
"20611","PlayerWaiting","2020-08-12T06:17:08Z","pid","p4"
"20612","Test1","2020-08-12T06:17:09Z","pid","p5"
"20612","Test1","2020-08-12T06:17:09Z","passed","true"
"20612","Test1","2020-08-12T06:17:09Z","answer","Total Internet (Mbps) you have received."
"20613","Test2","2020-08-12T06:17:12Z","pid","p5"
"20613","Test2","2020-08-12T06:17:12Z","passed","true"
"20613","Test2","2020-08-12T06:17:12Z","answer","You have to make the sharing decision within 90 seconds."
"20614","Test3","2020-08-12T06:17:15Z","pid","p5"
"20614","Test3","2020-08-12T06:17:15Z","passed","true"
"20614","Test3","2020-08-12T06:17:15Z","answer","Player 'E' is one of players with whom you can share your Internet."
"20615","PlayerWaiting","2020-08-12T06:17:16Z","pid","p5"
"20616","practice_distributeBW","2020-08-12T06:17:20Z","pid","p1"
"20616","practice_distributeBW","2020-08-12T06:17:20Z","pround","0"
"20616","practice_distributeBW","2020-08-12T06:17:20Z","p1_1","1"
"20616","practice_distributeBW","2020-08-12T06:17:20Z","p1_3","1"
"20616","practice_distributeBW","2020-08-12T06:17:20Z","p1_2","1"
"20617","practice_distributeBW","2020-08-12T06:17:31Z","pid","p1"
"20617","practice_distributeBW","2020-08-12T06:17:31Z","pround","1"
"20617","practice_distributeBW","2020-08-12T06:17:31Z","p1_1","1"
"20617","practice_distributeBW","2020-08-12T06:17:31Z","p1_3","1"
"20617","practice_distributeBW","2020-08-12T06:17:31Z","p1_2","1"
"20618","Test1","2020-08-12T06:17:42Z","pid","p1"
"20618","Test1","2020-08-12T06:17:42Z","passed","true"
"20618","Test1","2020-08-12T06:17:42Z","answer","Total Internet (Mbps) you have received."
"20619","Test2","2020-08-12T06:17:47Z","pid","p1"
"20619","Test2","2020-08-12T06:17:47Z","passed","true"
"20619","Test2","2020-08-12T06:17:47Z","answer","You have to make the sharing decision within 90 seconds."
"20620","Test3","2020-08-12T06:17:51Z","pid","p1"
"20620","Test3","2020-08-12T06:17:51Z","passed","true"
"20620","Test3","2020-08-12T06:17:51Z","answer","Player 'E' is one of players with whom you can share your Internet."
"20601","PlayerWaiting","2020-08-12T06:17:52Z","pid","p1"
"20602","InitParameters","2020-08-12T06:17:59Z","n","12"
"20602","InitParameters","2020-08-12T06:17:59Z","nAI","6"
"20602","InitParameters","2020-08-12T06:17:59Z","nRounds","5"
"20602","InitParameters","2020-08-12T06:17:59Z","connectivity","0.4"
"20602","InitParameters","2020-08-12T06:17:59Z","showInformation","0"
"20602","InitParameters","2020-08-12T06:17:59Z","bonusRatio","0.05"
"20602","InitParameters","2020-08-12T06:17:59Z","extraBonus","0"
"20602","InitParameters","2020-08-12T06:17:59Z","resource","60"
"20602","InitParameters","2020-08-12T06:17:59Z","geoID","0"
"20602","InitParameters","2020-08-12T06:17:59Z","network","0"
"20603","ReadyClicked","2020-08-12T06:18:01Z","pid","p1"
"20604","ReadyClicked","2020-08-12T06:18:01Z","pid","p5"
"20605","ReadyClicked","2020-08-12T06:18:02Z","pid","p6"
"20606","ReadyClicked","2020-08-12T06:18:02Z","pid","p3"
"20607","ReadyClicked","2020-08-12T06:18:06Z","pid","p4"
"20608","ReadyClicked","2020-08-12T06:18:08Z","pid","p2"
"20621","CreateGraph","2020-08-12T06:18:29Z","count","0"
"20622","CreateGraph","2020-08-12T06:18:29Z","count","1"
"20623","Connected","2020-08-12T06:18:29Z","playerId1","_5"
"20623","Connected","2020-08-12T06:18:29Z","playerId2","_2"
"20624","Connected","2020-08-12T06:18:29Z","playerId1","_5"
"20624","Connected","2020-08-12T06:18:29Z","playerId2","_1"
"20625","Connected","2020-08-12T06:18:29Z","playerId1","_3"
"20625","Connected","2020-08-12T06:18:29Z","playerId2","p6"
"20626","Connected","2020-08-12T06:18:29Z","playerId1","_3"
"20626","Connected","2020-08-12T06:18:29Z","playerId2","p2"
"20627","Connected","2020-08-12T06:18:29Z","playerId1","_3"
"20627","Connected","2020-08-12T06:18:29Z","playerId2","_6"
"20628","Connected","2020-08-12T06:18:29Z","playerId1","_3"
"20628","Connected","2020-08-12T06:18:29Z","playerId2","_1"
"20629","Connected","2020-08-12T06:18:29Z","playerId1","_3"
"20629","Connected","2020-08-12T06:18:29Z","playerId2","p1"
"20630","Connected","2020-08-12T06:18:29Z","playerId1","p6"
"20630","Connected","2020-08-12T06:18:29Z","playerId2","p2"
"20631","Connected","2020-08-12T06:18:29Z","playerId1","p6"
"20631","Connected","2020-08-12T06:18:29Z","playerId2","_6"
"20632","Connected","2020-08-12T06:18:29Z","playerId1","p6"
"20632","Connected","2020-08-12T06:18:29Z","playerId2","_1"
"20633","Connected","2020-08-12T06:18:29Z","playerId1","p4"
"20633","Connected","2020-08-12T06:18:29Z","playerId2","_6"
"20634","Connected","2020-08-12T06:18:29Z","playerId1","p4"
"20634","Connected","2020-08-12T06:18:29Z","playerId2","p1"
"20635","Connected","2020-08-12T06:18:29Z","playerId1","_4"
"20635","Connected","2020-08-12T06:18:29Z","playerId2","_5"
"20636","Connected","2020-08-12T06:18:29Z","playerId1","p2"
"20636","Connected","2020-08-12T06:18:29Z","playerId2","_6"
"20637","Connected","2020-08-12T06:18:29Z","playerId2","_3"
"20637","Connected","2020-08-12T06:18:29Z","playerId1","_4"
"20638","Connected","2020-08-12T06:18:29Z","playerId1","_6"
"20638","Connected","2020-08-12T06:18:29Z","playerId2","p1"
"20639","Connected","2020-08-12T06:18:29Z","playerId1","_4"
"20639","Connected","2020-08-12T06:18:29Z","playerId2","p6"
"20640","Connected","2020-08-12T06:18:29Z","playerId1","_4"
"20640","Connected","2020-08-12T06:18:29Z","playerId2","p2"
"20641","Connected","2020-08-12T06:18:29Z","playerId2","_6"
"20641","Connected","2020-08-12T06:18:29Z","playerId1","_4"
"20642","Connected","2020-08-12T06:18:29Z","playerId1","_4"
"20642","Connected","2020-08-12T06:18:29Z","playerId2","_1"
"20643","Connected","2020-08-12T06:18:29Z","playerId1","p5"
"20643","Connected","2020-08-12T06:18:29Z","playerId2","p6"
"20644","Connected","2020-08-12T06:18:29Z","playerId1","p5"
"20644","Connected","2020-08-12T06:18:29Z","playerId2","p3"
"20645","Connected","2020-08-12T06:18:29Z","playerId1","p5"
"20645","Connected","2020-08-12T06:18:29Z","playerId2","p2"
"20646","Connected","2020-08-12T06:18:29Z","playerId1","_5"
"20646","Connected","2020-08-12T06:18:29Z","playerId2","_3"
"20647","PlayerLabel","2020-08-12T06:18:29Z","pid","p1"
"20647","PlayerLabel","2020-08-12T06:18:29Z","label","L"
"20647","PlayerLabel","2020-08-12T06:18:29Z","degree","3"
"20647","PlayerLabel","2020-08-12T06:18:29Z","resource","60"
"20648","PlayerLabel","2020-08-12T06:18:29Z","pid","p2"
"20648","PlayerLabel","2020-08-12T06:18:29Z","label","I"
"20648","PlayerLabel","2020-08-12T06:18:29Z","degree","5"
"20648","PlayerLabel","2020-08-12T06:18:29Z","resource","60"
"20649","PlayerLabel","2020-08-12T06:18:29Z","pid","p3"
"20649","PlayerLabel","2020-08-12T06:18:29Z","label","H"
"20649","PlayerLabel","2020-08-12T06:18:29Z","degree","1"
"20649","PlayerLabel","2020-08-12T06:18:29Z","resource","60"
"20650","PlayerLabel","2020-08-12T06:18:29Z","pid","p4"
"20650","PlayerLabel","2020-08-12T06:18:29Z","label","F"
"20650","PlayerLabel","2020-08-12T06:18:29Z","degree","2"
"20650","PlayerLabel","2020-08-12T06:18:29Z","resource","60"
"20651","PlayerLabel","2020-08-12T06:18:29Z","pid","p5"
"20651","PlayerLabel","2020-08-12T06:18:29Z","label","B"
"20651","PlayerLabel","2020-08-12T06:18:29Z","degree","3"
"20651","PlayerLabel","2020-08-12T06:18:29Z","resource","60"
"20652","PlayerLabel","2020-08-12T06:18:29Z","pid","p6"
"20652","PlayerLabel","2020-08-12T06:18:29Z","label","E"
"20652","PlayerLabel","2020-08-12T06:18:29Z","degree","6"
"20652","PlayerLabel","2020-08-12T06:18:29Z","resource","60"
"20653","PlayerLabel","2020-08-12T06:18:29Z","pid","_1"
"20653","PlayerLabel","2020-08-12T06:18:29Z","label","K"
"20653","PlayerLabel","2020-08-12T06:18:29Z","degree","4"
"20653","PlayerLabel","2020-08-12T06:18:29Z","resource","60"
"20654","PlayerLabel","2020-08-12T06:18:29Z","pid","_2"
"20654","PlayerLabel","2020-08-12T06:18:29Z","label","G"
"20654","PlayerLabel","2020-08-12T06:18:29Z","degree","1"
"20654","PlayerLabel","2020-08-12T06:18:29Z","resource","60"
"20655","PlayerLabel","2020-08-12T06:18:29Z","pid","_3"
"20655","PlayerLabel","2020-08-12T06:18:29Z","label","D"
"20655","PlayerLabel","2020-08-12T06:18:29Z","degree","7"
"20655","PlayerLabel","2020-08-12T06:18:29Z","resource","60"
"20656","PlayerLabel","2020-08-12T06:18:29Z","label","A"
"20656","PlayerLabel","2020-08-12T06:18:29Z","degree","6"
"20656","PlayerLabel","2020-08-12T06:18:29Z","resource","60"
"20656","PlayerLabel","2020-08-12T06:18:29Z","pid","_4"
"20657","PlayerLabel","2020-08-12T06:18:29Z","pid","_5"
"20657","PlayerLabel","2020-08-12T06:18:29Z","label","C"
"20657","PlayerLabel","2020-08-12T06:18:29Z","degree","4"
"20657","PlayerLabel","2020-08-12T06:18:29Z","resource","60"
"20658","PlayerLabel","2020-08-12T06:18:29Z","pid","_6"
"20658","PlayerLabel","2020-08-12T06:18:29Z","label","J"
"20658","PlayerLabel","2020-08-12T06:18:29Z","degree","6"
"20658","PlayerLabel","2020-08-12T06:18:29Z","resource","60"
"20659","ShareStart","2020-08-12T06:18:29Z","round","1"
"20660","distributeBW","2020-08-12T06:18:29Z","pid","_1"
"20660","distributeBW","2020-08-12T06:18:29Z","resource","55"
"20660","distributeBW","2020-08-12T06:18:29Z","round","1"
"20660","distributeBW","2020-08-12T06:18:29Z","_4","13"
"20660","distributeBW","2020-08-12T06:18:29Z","p6","13"
"20660","distributeBW","2020-08-12T06:18:29Z","_5","13"
"20660","distributeBW","2020-08-12T06:18:29Z","_3","13"
"20673","distributeBW","2020-08-12T06:18:29Z","pid","_2"
"20673","distributeBW","2020-08-12T06:18:29Z","resource","88"
"20673","distributeBW","2020-08-12T06:18:29Z","round","1"
"20673","distributeBW","2020-08-12T06:18:29Z","_5","88"
"20674","distributeBW","2020-08-12T06:18:29Z","pid","_3"
"20674","distributeBW","2020-08-12T06:18:29Z","resource","58"
"20674","distributeBW","2020-08-12T06:18:29Z","round","1"
"20674","distributeBW","2020-08-12T06:18:29Z","_5","8"
"20674","distributeBW","2020-08-12T06:18:29Z","_4","8"
"20674","distributeBW","2020-08-12T06:18:29Z","p6","8"
"20674","distributeBW","2020-08-12T06:18:29Z","p2","8"
"20674","distributeBW","2020-08-12T06:18:29Z","_6","8"
"20674","distributeBW","2020-08-12T06:18:29Z","_1","8"
"20674","distributeBW","2020-08-12T06:18:29Z","p1","8"
"20675","distributeBW","2020-08-12T06:18:29Z","pid","_4"
"20675","distributeBW","2020-08-12T06:18:29Z","resource","84"
"20675","distributeBW","2020-08-12T06:18:29Z","round","1"
"20675","distributeBW","2020-08-12T06:18:29Z","_6","14"
"20675","distributeBW","2020-08-12T06:18:29Z","_1","14"
"20675","distributeBW","2020-08-12T06:18:29Z","_5","14"
"20675","distributeBW","2020-08-12T06:18:29Z","_3","14"
"20675","distributeBW","2020-08-12T06:18:29Z","p6","14"
"20675","distributeBW","2020-08-12T06:18:29Z","p2","14"
"20676","distributeBW","2020-08-12T06:18:29Z","pid","_5"
"20676","distributeBW","2020-08-12T06:18:29Z","resource","88"
"20676","distributeBW","2020-08-12T06:18:29Z","round","1"
"20676","distributeBW","2020-08-12T06:18:29Z","_4","22"
"20676","distributeBW","2020-08-12T06:18:29Z","_2","22"
"20676","distributeBW","2020-08-12T06:18:29Z","_1","22"
"20676","distributeBW","2020-08-12T06:18:29Z","_3","22"
"20677","distributeBW","2020-08-12T06:18:29Z","_3","13"
"20677","distributeBW","2020-08-12T06:18:29Z","p1","13"
"20677","distributeBW","2020-08-12T06:18:29Z","pid","_6"
"20677","distributeBW","2020-08-12T06:18:29Z","resource","80"
"20677","distributeBW","2020-08-12T06:18:29Z","round","1"
"20677","distributeBW","2020-08-12T06:18:29Z","_4","13"
"20677","distributeBW","2020-08-12T06:18:29Z","p6","13"
"20677","distributeBW","2020-08-12T06:18:29Z","p4","13"
"20677","distributeBW","2020-08-12T06:18:29Z","p2","13"
"20678","distributeBW","2020-08-12T06:18:35Z","pid","p3"
"20678","distributeBW","2020-08-12T06:18:35Z","resource","52"
"20678","distributeBW","2020-08-12T06:18:35Z","round","1"
"20678","distributeBW","2020-08-12T06:18:35Z","p5","52"
"20679","distributeBW","2020-08-12T06:18:36Z","pid","p6"
"20679","distributeBW","2020-08-12T06:18:36Z","resource","45"
"20679","distributeBW","2020-08-12T06:18:36Z","round","1"
"20679","distributeBW","2020-08-12T06:18:36Z","p2","5"
"20679","distributeBW","2020-08-12T06:18:36Z","_1","20"
"20679","distributeBW","2020-08-12T06:18:36Z","_3","5"
"20679","distributeBW","2020-08-12T06:18:36Z","_4","5"
"20679","distributeBW","2020-08-12T06:18:36Z","p5","5"
"20679","distributeBW","2020-08-12T06:18:36Z","_6","5"
"20680","distributeBW","2020-08-12T06:18:40Z","pid","p4"
"20680","distributeBW","2020-08-12T06:18:40Z","resource","59"
"20680","distributeBW","2020-08-12T06:18:40Z","round","1"
"20680","distributeBW","2020-08-12T06:18:40Z","p1","29"
"20680","distributeBW","2020-08-12T06:18:40Z","_6","30"
"20661","distributeBW","2020-08-12T06:18:40Z","pid","p1"
"20661","distributeBW","2020-08-12T06:18:40Z","resource","81"
"20661","distributeBW","2020-08-12T06:18:40Z","round","1"
"20661","distributeBW","2020-08-12T06:18:40Z","_3","25"
"20661","distributeBW","2020-08-12T06:18:40Z","p4","25"
"20661","distributeBW","2020-08-12T06:18:40Z","_6","25"
"20662","distributeBW","2020-08-12T06:18:50Z","pid","p2"
"20662","distributeBW","2020-08-12T06:18:50Z","resource","78"
"20662","distributeBW","2020-08-12T06:18:50Z","round","1"
"20662","distributeBW","2020-08-12T06:18:50Z","_3","15"
"20662","distributeBW","2020-08-12T06:18:50Z","_4","15"
"20662","distributeBW","2020-08-12T06:18:50Z","p5","15"
"20662","distributeBW","2020-08-12T06:18:50Z","p6","15"
"20662","distributeBW","2020-08-12T06:18:50Z","_6","15"
"20663","distributeBW","2020-08-12T06:19:21Z","pid","p5"
"20663","distributeBW","2020-08-12T06:19:21Z","resource","76"
"20663","distributeBW","2020-08-12T06:19:21Z","round","1"
"20663","distributeBW","2020-08-12T06:19:21Z","p2","10"
"20663","distributeBW","2020-08-12T06:19:21Z","p3","10"
"20663","distributeBW","2020-08-12T06:19:21Z","p6","10"
"20664","resultStepStart","2020-08-12T06:19:25Z","startStep","resultStep"
"20665","ResultStart","2020-08-12T06:19:25Z","round","1"
"20666","ResultConfirmed","2020-08-12T06:19:25Z","pid","p1"
"20666","ResultConfirmed","2020-08-12T06:19:25Z","round","1"
"20666","ResultConfirmed","2020-08-12T06:19:25Z","received","50"
"20667","ResultConfirmed","2020-08-12T06:19:25Z","pid","p2"
"20667","ResultConfirmed","2020-08-12T06:19:25Z","round","1"
"20667","ResultConfirmed","2020-08-12T06:19:25Z","received","50"
"20668","ResultConfirmed","2020-08-12T06:19:25Z","pid","p3"
"20668","ResultConfirmed","2020-08-12T06:19:25Z","round","1"
"20668","ResultConfirmed","2020-08-12T06:19:25Z","received","10"
"20669","ResultConfirmed","2020-08-12T06:19:25Z","pid","p4"
"20669","ResultConfirmed","2020-08-12T06:19:25Z","round","1"
"20669","ResultConfirmed","2020-08-12T06:19:25Z","received","38"
"20670","ResultConfirmed","2020-08-12T06:19:25Z","received","72"
"20670","ResultConfirmed","2020-08-12T06:19:25Z","pid","p5"
"20670","ResultConfirmed","2020-08-12T06:19:25Z","round","1"
"20671","ResultConfirmed","2020-08-12T06:19:25Z","pid","p6"
"20671","ResultConfirmed","2020-08-12T06:19:25Z","round","1"
"20671","ResultConfirmed","2020-08-12T06:19:25Z","received","73"
"20672","ResultConfirmed","2020-08-12T06:19:25Z","pid","_1"
"20672","ResultConfirmed","2020-08-12T06:19:25Z","round","1"
"20672","ResultConfirmed","2020-08-12T06:19:25Z","received","64"
"20681","ResultConfirmed","2020-08-12T06:19:25Z","pid","_2"
"20681","ResultConfirmed","2020-08-12T06:19:25Z","round","1"
"20681","ResultConfirmed","2020-08-12T06:19:25Z","received","22"
"20682","ResultConfirmed","2020-08-12T06:19:25Z","pid","_3"
"20682","ResultConfirmed","2020-08-12T06:19:25Z","round","1"
"20682","ResultConfirmed","2020-08-12T06:19:25Z","received","107"
"20683","ResultConfirmed","2020-08-12T06:19:25Z","pid","_4"
"20683","ResultConfirmed","2020-08-12T06:19:25Z","round","1"
"20683","ResultConfirmed","2020-08-12T06:19:25Z","received","76"
"20684","ResultConfirmed","2020-08-12T06:19:25Z","pid","_5"
"20684","ResultConfirmed","2020-08-12T06:19:25Z","round","1"
"20684","ResultConfirmed","2020-08-12T06:19:25Z","received","123"
"20685","ResultConfirmed","2020-08-12T06:19:25Z","pid","_6"
"20685","ResultConfirmed","2020-08-12T06:19:25Z","round","1"
"20685","ResultConfirmed","2020-08-12T06:19:25Z","received","97"
"20686","ShareStart","2020-08-12T06:19:27Z","round","2"
"20687","distributeBW","2020-08-12T06:19:27Z","pid","_1"
"20687","distributeBW","2020-08-12T06:19:27Z","resource","84"
"20687","distributeBW","2020-08-12T06:19:27Z","round","2"
"20687","distributeBW","2020-08-12T06:19:27Z","_4","17"
"20687","distributeBW","2020-08-12T06:19:27Z","p6","25"
"20687","distributeBW","2020-08-12T06:19:27Z","_5","27"
"20687","distributeBW","2020-08-12T06:19:27Z","_3","10"
"20688","distributeBW","2020-08-12T06:19:27Z","pid","_2"
"20688","distributeBW","2020-08-12T06:19:27Z","resource","84"
"20688","distributeBW","2020-08-12T06:19:27Z","round","2"
"20688","distributeBW","2020-08-12T06:19:27Z","_5","84"
"20689","distributeBW","2020-08-12T06:19:27Z","pid","_3"
"20689","distributeBW","2020-08-12T06:19:27Z","resource","51"
"20689","distributeBW","2020-08-12T06:19:27Z","round","2"
"20689","distributeBW","2020-08-12T06:19:27Z","_5","10"
"20689","distributeBW","2020-08-12T06:19:27Z","_4","6"
"20689","distributeBW","2020-08-12T06:19:27Z","p6","2"
"20689","distributeBW","2020-08-12T06:19:27Z","p2","6"
"20689","distributeBW","2020-08-12T06:19:27Z","_6","5"
"20689","distributeBW","2020-08-12T06:19:27Z","_1","5"
"20689","distributeBW","2020-08-12T06:19:27Z","p1","11"
"20690","distributeBW","2020-08-12T06:19:27Z","_1","15"
"20690","distributeBW","2020-08-12T06:19:27Z","_5","25"
"20690","distributeBW","2020-08-12T06:19:27Z","_3","9"
"20690","distributeBW","2020-08-12T06:19:27Z","p6","5"
"20690","distributeBW","2020-08-12T06:19:27Z","p2","17"
"20690","distributeBW","2020-08-12T06:19:27Z","pid","_4"
"20690","distributeBW","2020-08-12T06:19:27Z","resource","88"
"20690","distributeBW","2020-08-12T06:19:27Z","round","2"
"20690","distributeBW","2020-08-12T06:19:27Z","_6","15"
"20691","distributeBW","2020-08-12T06:19:28Z","pid","_5"
"20691","distributeBW","2020-08-12T06:19:28Z","resource","55"
"20691","distributeBW","2020-08-12T06:19:28Z","round","2"
"20691","distributeBW","2020-08-12T06:19:28Z","_4","6"
"20691","distributeBW","2020-08-12T06:19:28Z","_2","39"
"20691","distributeBW","2020-08-12T06:19:28Z","_1","5"
"20691","distributeBW","2020-08-12T06:19:28Z","_3","3"
"20692","distributeBW","2020-08-12T06:19:28Z","pid","_6"
"20692","distributeBW","2020-08-12T06:19:28Z","resource","79"
"20692","distributeBW","2020-08-12T06:19:28Z","round","2"
"20692","distributeBW","2020-08-12T06:19:28Z","_4","11"
"20692","distributeBW","2020-08-12T06:19:28Z","p6","3"
"20692","distributeBW","2020-08-12T06:19:28Z","p4","23"
"20692","distributeBW","2020-08-12T06:19:28Z","p2","11"
"20692","distributeBW","2020-08-12T06:19:28Z","_3","6"
"20692","distributeBW","2020-08-12T06:19:28Z","p1","19"
"20693","clientLogIn","2020-08-12T06:19:33Z","clientId","p1"
"20693","clientLogIn","2020-08-12T06:19:33Z","referer","http://yanzuxu.nat300.top/game/193/804/p1/connected"
"20693","clientLogIn","2020-08-12T06:19:33Z","connection","keep-alive"
"20693","clientLogIn","2020-08-12T06:19:33Z","acceptLanguage","zh-CN,zh;q=0.9,en;q=0.8,en-US;q=0.7"
"20693","clientLogIn","2020-08-12T06:19:33Z","acceptEncoding","gzip, deflate"
"20693","clientLogIn","2020-08-12T06:19:33Z","userAgent","Mozilla/5.0 (Macintosh; Intel Mac OS X 10_15_5) AppleWebKit/537.36 (KHTML, like Gecko) Chrome/84.0.4147.89 Safari/537.36"
"20693","clientLogIn","2020-08-12T06:19:33Z","host","yanzuxu.nat300.top"
"20693","clientLogIn","2020-08-12T06:19:33Z","ipAddress","192.168.31.144"
"20693","clientLogIn","2020-08-12T06:19:33Z","requestURI","/game/193/804/p1/state"
"20694","distributeBW","2020-08-12T06:19:34Z","pid","p6"
"20694","distributeBW","2020-08-12T06:19:34Z","resource","85"
"20694","distributeBW","2020-08-12T06:19:34Z","round","2"
"20694","distributeBW","2020-08-12T06:19:34Z","p2","5"
"20694","distributeBW","2020-08-12T06:19:34Z","_1","15"
"20694","distributeBW","2020-08-12T06:19:34Z","_3","5"
"20694","distributeBW","2020-08-12T06:19:34Z","_4","50"
"20694","distributeBW","2020-08-12T06:19:34Z","p5","5"
"20694","distributeBW","2020-08-12T06:19:34Z","_6","5"
"20695","distributeBW","2020-08-12T06:19:34Z","pid","p5"
"20695","distributeBW","2020-08-12T06:19:34Z","resource","104"
"20695","distributeBW","2020-08-12T06:19:34Z","round","2"
"20695","distributeBW","2020-08-12T06:19:34Z","p2","10"
"20695","distributeBW","2020-08-12T06:19:34Z","p3","10"
"20695","distributeBW","2020-08-12T06:19:34Z","p6","10"
"20696","distributeBW","2020-08-12T06:19:40Z","pid","p3"
"20696","distributeBW","2020-08-12T06:19:40Z","resource","58"
"20696","distributeBW","2020-08-12T06:19:40Z","round","2"
"20696","distributeBW","2020-08-12T06:19:40Z","p5","35"
"20697","distributeBW","2020-08-12T06:19:40Z","pid","p4"
"20697","distributeBW","2020-08-12T06:19:40Z","resource","87"
"20697","distributeBW","2020-08-12T06:19:40Z","round","2"
"20697","distributeBW","2020-08-12T06:19:40Z","p1","50"
"20697","distributeBW","2020-08-12T06:19:40Z","_6","37"
"20698","distributeBW","2020-08-12T06:19:42Z","round","2"
"20698","distributeBW","2020-08-12T06:19:42Z","_3","5"
"20698","distributeBW","2020-08-12T06:19:42Z","p4","20"
"20698","distributeBW","2020-08-12T06:19:42Z","_6","15"
"20698","distributeBW","2020-08-12T06:19:42Z","pid","p1"
"20698","distributeBW","2020-08-12T06:19:42Z","resource","81"
"20699","distributeBW","2020-08-12T06:19:52Z","pid","p2"
"20699","distributeBW","2020-08-12T06:19:52Z","resource","61"
"20699","distributeBW","2020-08-12T06:19:52Z","round","2"
"20699","distributeBW","2020-08-12T06:19:52Z","_3","9"
"20699","distributeBW","2020-08-12T06:19:52Z","_4","15"
"20699","distributeBW","2020-08-12T06:19:52Z","p5","11"
"20699","distributeBW","2020-08-12T06:19:52Z","p6","6"
"20699","distributeBW","2020-08-12T06:19:52Z","_6","12"
"20700","resultStepStart","2020-08-12T06:19:56Z","startStep","resultStep"
"20705","ResultStart","2020-08-12T06:19:56Z","round","2"
"20706","ResultConfirmed","2020-08-12T06:19:56Z","pid","p1"
"20706","ResultConfirmed","2020-08-12T06:19:56Z","round","2"
"20706","ResultConfirmed","2020-08-12T06:19:56Z","received","80"
"20707","ResultConfirmed","2020-08-12T06:19:56Z","pid","p2"
"20707","ResultConfirmed","2020-08-12T06:19:56Z","round","2"
"20707","ResultConfirmed","2020-08-12T06:19:56Z","received","49"
"20708","ResultConfirmed","2020-08-12T06:19:56Z","pid","p3"
"20708","ResultConfirmed","2020-08-12T06:19:56Z","round","2"
"20708","ResultConfirmed","2020-08-12T06:19:56Z","received","10"
"20709","ResultConfirmed","2020-08-12T06:19:56Z","pid","p4"
"20709","ResultConfirmed","2020-08-12T06:19:56Z","round","2"
"20709","ResultConfirmed","2020-08-12T06:19:56Z","received","43"
"20710","ResultConfirmed","2020-08-12T06:19:56Z","pid","p5"
"20710","ResultConfirmed","2020-08-12T06:19:56Z","round","2"
"20710","ResultConfirmed","2020-08-12T06:19:56Z","received","51"
"20711","ResultConfirmed","2020-08-12T06:19:56Z","pid","p6"
"20711","ResultConfirmed","2020-08-12T06:19:56Z","round","2"
"20711","ResultConfirmed","2020-08-12T06:19:56Z","received","51"
"20712","ResultConfirmed","2020-08-12T06:19:56Z","pid","_1"
"20712","ResultConfirmed","2020-08-12T06:19:56Z","round","2"
"20712","ResultConfirmed","2020-08-12T06:19:56Z","received","40"
"20713","ResultConfirmed","2020-08-12T06:19:56Z","pid","_2"
"20713","ResultConfirmed","2020-08-12T06:19:56Z","round","2"
"20713","ResultConfirmed","2020-08-12T06:19:56Z","received","39"
"20714","ResultConfirmed","2020-08-12T06:19:56Z","pid","_3"
"20714","ResultConfirmed","2020-08-12T06:19:56Z","round","2"
"20714","ResultConfirmed","2020-08-12T06:19:56Z","received","47"
"20715","ResultConfirmed","2020-08-12T06:19:56Z","pid","_4"
"20715","ResultConfirmed","2020-08-12T06:19:56Z","round","2"
"20715","ResultConfirmed","2020-08-12T06:19:56Z","received","105"
"20716","ResultConfirmed","2020-08-12T06:19:56Z","pid","_5"
"20716","ResultConfirmed","2020-08-12T06:19:56Z","round","2"
"20716","ResultConfirmed","2020-08-12T06:19:56Z","received","146"
"20717","ResultConfirmed","2020-08-12T06:19:56Z","round","2"
"20717","ResultConfirmed","2020-08-12T06:19:56Z","received","89"
"20717","ResultConfirmed","2020-08-12T06:19:56Z","pid","_6"
"20718","ShareStart","2020-08-12T06:20:22Z","round","3"
"20719","distributeBW","2020-08-12T06:20:22Z","pid","_1"
"20719","distributeBW","2020-08-12T06:20:22Z","_5","9"
"20719","distributeBW","2020-08-12T06:20:22Z","_3","9"
"20719","distributeBW","2020-08-12T06:20:22Z","resource","83"
"20719","distributeBW","2020-08-12T06:20:22Z","round","3"
"20719","distributeBW","2020-08-12T06:20:22Z","_4","29"
"20719","distributeBW","2020-08-12T06:20:22Z","p6","29"
"20720","distributeBW","2020-08-12T06:20:22Z","pid","_2"
"20720","distributeBW","2020-08-12T06:20:22Z","resource","50"
"20720","distributeBW","2020-08-12T06:20:22Z","round","3"
"20720","distributeBW","2020-08-12T06:20:22Z","_5","50"
"20701","distributeBW","2020-08-12T06:20:22Z","pid","_3"
"20701","distributeBW","2020-08-12T06:20:22Z","resource","56"
"20701","distributeBW","2020-08-12T06:20:22Z","round","3"
"20701","distributeBW","2020-08-12T06:20:22Z","_5","3"
"20701","distributeBW","2020-08-12T06:20:22Z","_4","9"
"20701","distributeBW","2020-08-12T06:20:22Z","p6","5"
"20701","distributeBW","2020-08-12T06:20:22Z","p2","9"
"20701","distributeBW","2020-08-12T06:20:22Z","_6","6"
"20701","distributeBW","2020-08-12T06:20:22Z","_1","10"
"20701","distributeBW","2020-08-12T06:20:22Z","p1","5"
"20702","distributeBW","2020-08-12T06:20:22Z","pid","_4"
"20702","distributeBW","2020-08-12T06:20:22Z","resource","91"
"20702","distributeBW","2020-08-12T06:20:22Z","round","3"
"20702","distributeBW","2020-08-12T06:20:22Z","_6","9"
"20702","distributeBW","2020-08-12T06:20:22Z","_1","14"
"20702","distributeBW","2020-08-12T06:20:22Z","_5","5"
"20702","distributeBW","2020-08-12T06:20:22Z","_3","5"
"20702","distributeBW","2020-08-12T06:20:22Z","p6","42"
"20702","distributeBW","2020-08-12T06:20:22Z","p2","12"
"20703","distributeBW","2020-08-12T06:20:22Z","pid","_5"
"20703","distributeBW","2020-08-12T06:20:22Z","resource","89"
"20703","distributeBW","2020-08-12T06:20:22Z","round","3"
"20703","distributeBW","2020-08-12T06:20:22Z","_4","14"
"20703","distributeBW","2020-08-12T06:20:22Z","_2","50"
"20703","distributeBW","2020-08-12T06:20:22Z","_1","16"
"20703","distributeBW","2020-08-12T06:20:22Z","_3","5"
"20704","distributeBW","2020-08-12T06:20:22Z","pid","_6"
"20704","distributeBW","2020-08-12T06:20:22Z","resource","54"
"20704","distributeBW","2020-08-12T06:20:22Z","round","3"
"20704","distributeBW","2020-08-12T06:20:22Z","_4","8"
"20704","distributeBW","2020-08-12T06:20:22Z","p6","2"
"20704","distributeBW","2020-08-12T06:20:22Z","p4","19"
"20704","distributeBW","2020-08-12T06:20:22Z","p2","6"
"20704","distributeBW","2020-08-12T06:20:22Z","_3","2"
"20704","distributeBW","2020-08-12T06:20:22Z","p1","8"
"20737","distributeBW","2020-08-12T06:20:29Z","p5","5"
"20737","distributeBW","2020-08-12T06:20:29Z","_6","5"
"20737","distributeBW","2020-08-12T06:20:29Z","pid","p6"
"20737","distributeBW","2020-08-12T06:20:29Z","resource","83"
"20737","distributeBW","2020-08-12T06:20:29Z","round","3"
"20737","distributeBW","2020-08-12T06:20:29Z","p2","5"
"20737","distributeBW","2020-08-12T06:20:29Z","_1","13"
"20737","distributeBW","2020-08-12T06:20:29Z","_3","5"
"20737","distributeBW","2020-08-12T06:20:29Z","_4","50"
"20738","distributeBW","2020-08-12T06:20:29Z","pid","p3"
"20738","distributeBW","2020-08-12T06:20:29Z","resource","107"
"20738","distributeBW","2020-08-12T06:20:29Z","round","3"
"20738","distributeBW","2020-08-12T06:20:29Z","p5","46"
"20739","clientLogIn","2020-08-12T06:20:33Z","clientId","p1"
"20739","clientLogIn","2020-08-12T06:20:33Z","referer","http://yanzuxu.nat300.top/game/193/804/p1/connected"
"20739","clientLogIn","2020-08-12T06:20:33Z","connection","keep-alive"
"20739","clientLogIn","2020-08-12T06:20:33Z","acceptLanguage","zh-CN,zh;q=0.9,en;q=0.8,en-US;q=0.7"
"20739","clientLogIn","2020-08-12T06:20:33Z","acceptEncoding","gzip, deflate"
"20739","clientLogIn","2020-08-12T06:20:33Z","userAgent","Mozilla/5.0 (Macintosh; Intel Mac OS X 10_15_5) AppleWebKit/537.36 (KHTML, like Gecko) Chrome/84.0.4147.89 Safari/537.36"
"20739","clientLogIn","2020-08-12T06:20:33Z","host","yanzuxu.nat300.top"
"20739","clientLogIn","2020-08-12T06:20:33Z","ipAddress","192.168.31.144"
"20739","clientLogIn","2020-08-12T06:20:33Z","requestURI","/game/193/804/p1/state"
"20740","distributeBW","2020-08-12T06:20:33Z","pid","p4"
"20740","distributeBW","2020-08-12T06:20:33Z","resource","82"
"20740","distributeBW","2020-08-12T06:20:33Z","round","3"
"20740","distributeBW","2020-08-12T06:20:33Z","p1","32"
"20740","distributeBW","2020-08-12T06:20:33Z","_6","50"
"20721","distributeBW","2020-08-12T06:20:37Z","pid","p5"
"20721","distributeBW","2020-08-12T06:20:37Z","resource","162"
"20721","distributeBW","2020-08-12T06:20:37Z","round","3"
"20721","distributeBW","2020-08-12T06:20:37Z","p2","20"
"20721","distributeBW","2020-08-12T06:20:37Z","p3","40"
"20721","distributeBW","2020-08-12T06:20:37Z","p6","10"
"20722","distributeBW","2020-08-12T06:20:44Z","pid","p1"
"20722","distributeBW","2020-08-12T06:20:44Z","resource","99"
"20722","distributeBW","2020-08-12T06:20:44Z","round","3"
"20722","distributeBW","2020-08-12T06:20:44Z","_3","5"
"20722","distributeBW","2020-08-12T06:20:44Z","p4","70"
"20722","distributeBW","2020-08-12T06:20:44Z","_6","10"
"20723","distributeBW","2020-08-12T06:20:46Z","pid","p2"
"20723","distributeBW","2020-08-12T06:20:46Z","resource","66"
"20723","distributeBW","2020-08-12T06:20:46Z","round","3"
"20723","distributeBW","2020-08-12T06:20:46Z","_3","9"
"20723","distributeBW","2020-08-12T06:20:46Z","_4","20"
"20723","distributeBW","2020-08-12T06:20:46Z","p5","13"
"20723","distributeBW","2020-08-12T06:20:46Z","p6","8"
"20723","distributeBW","2020-08-12T06:20:46Z","_6","14"
"20724","resultStepStart","2020-08-12T06:20:50Z","startStep","resultStep"
"20725","ResultStart","2020-08-12T06:20:50Z","round","3"
"20726","ResultConfirmed","2020-08-12T06:20:50Z","pid","p1"
"20726","ResultConfirmed","2020-08-12T06:20:50Z","round","3"
"20726","ResultConfirmed","2020-08-12T06:20:50Z","received","45"
"20727","ResultConfirmed","2020-08-12T06:20:50Z","pid","p2"
"20727","ResultConfirmed","2020-08-12T06:20:50Z","round","3"
"20727","ResultConfirmed","2020-08-12T06:20:50Z","received","52"
"20728","ResultConfirmed","2020-08-12T06:20:50Z","pid","p3"
"20728","ResultConfirmed","2020-08-12T06:20:50Z","round","3"
"20728","ResultConfirmed","2020-08-12T06:20:50Z","received","40"
"20729","ResultConfirmed","2020-08-12T06:20:50Z","pid","p4"
"20729","ResultConfirmed","2020-08-12T06:20:50Z","round","3"
"20729","ResultConfirmed","2020-08-12T06:20:50Z","received","89"
"20730","ResultConfirmed","2020-08-12T06:20:50Z","received","64"
"20730","ResultConfirmed","2020-08-12T06:20:50Z","pid","p5"
"20730","ResultConfirmed","2020-08-12T06:20:50Z","round","3"
"20731","ResultConfirmed","2020-08-12T06:20:50Z","pid","p6"
"20731","ResultConfirmed","2020-08-12T06:20:50Z","round","3"
"20731","ResultConfirmed","2020-08-12T06:20:50Z","received","96"
"20732","ResultConfirmed","2020-08-12T06:20:50Z","pid","_1"
"20732","ResultConfirmed","2020-08-12T06:20:50Z","round","3"
"20732","ResultConfirmed","2020-08-12T06:20:50Z","received","53"
"20733","ResultConfirmed","2020-08-12T06:20:50Z","pid","_2"
"20733","ResultConfirmed","2020-08-12T06:20:50Z","round","3"
"20733","ResultConfirmed","2020-08-12T06:20:50Z","received","50"
"20734","ResultConfirmed","2020-08-12T06:20:50Z","pid","_3"
"20734","ResultConfirmed","2020-08-12T06:20:50Z","round","3"
"20734","ResultConfirmed","2020-08-12T06:20:50Z","received","40"
"20735","ResultConfirmed","2020-08-12T06:20:50Z","pid","_4"
"20735","ResultConfirmed","2020-08-12T06:20:50Z","round","3"
"20735","ResultConfirmed","2020-08-12T06:20:50Z","received","130"
"20736","ResultConfirmed","2020-08-12T06:20:50Z","pid","_5"
"20736","ResultConfirmed","2020-08-12T06:20:50Z","round","3"
"20736","ResultConfirmed","2020-08-12T06:20:50Z","received","67"
"20741","ResultConfirmed","2020-08-12T06:20:50Z","pid","_6"
"20741","ResultConfirmed","2020-08-12T06:20:50Z","round","3"
"20741","ResultConfirmed","2020-08-12T06:20:50Z","received","94"
"20742","ShareStart","2020-08-12T06:20:54Z","round","4"
"20743","distributeBW","2020-08-12T06:20:54Z","pid","_1"
"20743","distributeBW","2020-08-12T06:20:54Z","resource","56"
"20743","distributeBW","2020-08-12T06:20:54Z","round","4"
"20743","distributeBW","2020-08-12T06:20:54Z","_4","12"
"20743","distributeBW","2020-08-12T06:20:54Z","p6","12"
"20743","distributeBW","2020-08-12T06:20:54Z","_5","14"
"20743","distributeBW","2020-08-12T06:20:54Z","_3","9"
"20744","distributeBW","2020-08-12T06:20:54Z","pid","_2"
"20744","distributeBW","2020-08-12T06:20:54Z","resource","89"
"20744","distributeBW","2020-08-12T06:20:54Z","round","4"
"20744","distributeBW","2020-08-12T06:20:54Z","_5","89"
"20745","distributeBW","2020-08-12T06:20:54Z","pid","_3"
"20745","distributeBW","2020-08-12T06:20:54Z","resource","60"
"20745","distributeBW","2020-08-12T06:20:54Z","round","4"
"20745","distributeBW","2020-08-12T06:20:54Z","_5","6"
"20745","distributeBW","2020-08-12T06:20:54Z","_4","6"
"20745","distributeBW","2020-08-12T06:20:54Z","p6","6"
"20745","distributeBW","2020-08-12T06:20:54Z","p2","11"
"20745","distributeBW","2020-08-12T06:20:54Z","_6","2"
"20745","distributeBW","2020-08-12T06:20:54Z","_1","11"
"20745","distributeBW","2020-08-12T06:20:54Z","p1","6"
"20746","distributeBW","2020-08-12T06:20:54Z","_1","11"
"20746","distributeBW","2020-08-12T06:20:54Z","_5","5"
"20746","distributeBW","2020-08-12T06:20:54Z","_3","3"
"20746","distributeBW","2020-08-12T06:20:54Z","p6","20"
"20746","distributeBW","2020-08-12T06:20:54Z","pid","_4"
"20746","distributeBW","2020-08-12T06:20:54Z","resource","57"
"20746","distributeBW","2020-08-12T06:20:54Z","round","4"
"20746","distributeBW","2020-08-12T06:20:54Z","_6","3"
"20746","distributeBW","2020-08-12T06:20:54Z","p2","8"
"20747","distributeBW","2020-08-12T06:20:54Z","_4","4"
"20747","distributeBW","2020-08-12T06:20:54Z","_2","42"
"20747","distributeBW","2020-08-12T06:20:54Z","_1","7"
"20747","distributeBW","2020-08-12T06:20:54Z","_3","2"
"20747","distributeBW","2020-08-12T06:20:54Z","pid","_5"
"20747","distributeBW","2020-08-12T06:20:54Z","resource","61"
"20747","distributeBW","2020-08-12T06:20:54Z","round","4"
"20748","distributeBW","2020-08-12T06:20:54Z","pid","_6"
"20748","distributeBW","2020-08-12T06:20:54Z","resource","95"
"20748","distributeBW","2020-08-12T06:20:54Z","round","4"
"20748","distributeBW","2020-08-12T06:20:54Z","_4","8"
"20748","distributeBW","2020-08-12T06:20:54Z","p6","4"
"20748","distributeBW","2020-08-12T06:20:54Z","p4","45"
"20748","distributeBW","2020-08-12T06:20:54Z","p2","12"
"20748","distributeBW","2020-08-12T06:20:54Z","_3","5"
"20748","distributeBW","2020-08-12T06:20:54Z","p1","9"
"20749","distributeBW","2020-08-12T06:21:00Z","pid","p3"
"20749","distributeBW","2020-08-12T06:21:00Z","resource","110"
"20749","distributeBW","2020-08-12T06:21:00Z","round","4"
"20749","distributeBW","2020-08-12T06:21:00Z","p5","34"
"20750","distributeBW","2020-08-12T06:21:00Z","pid","p6"
"20750","distributeBW","2020-08-12T06:21:00Z","resource","50"
"20750","distributeBW","2020-08-12T06:21:00Z","round","4"
"20750","distributeBW","2020-08-12T06:21:00Z","p2","5"
"20750","distributeBW","2020-08-12T06:21:00Z","_1","25"
"20750","distributeBW","2020-08-12T06:21:00Z","_3","5"
"20750","distributeBW","2020-08-12T06:21:00Z","_4","5"
"20750","distributeBW","2020-08-12T06:21:00Z","p5","5"
"20750","distributeBW","2020-08-12T06:21:00Z","_6","5"
"20751","distributeBW","2020-08-12T06:21:02Z","pid","p1"
"20751","distributeBW","2020-08-12T06:21:02Z","resource","91"
"20751","distributeBW","2020-08-12T06:21:02Z","round","4"
"20751","distributeBW","2020-08-12T06:21:02Z","_3","10"
"20751","distributeBW","2020-08-12T06:21:02Z","p4","40"
"20751","distributeBW","2020-08-12T06:21:02Z","_6","10"
"20752","distributeBW","2020-08-12T06:21:11Z","pid","p2"
"20752","distributeBW","2020-08-12T06:21:11Z","resource","60"
"20752","distributeBW","2020-08-12T06:21:11Z","round","4"
"20752","distributeBW","2020-08-12T06:21:11Z","_3","10"
"20752","distributeBW","2020-08-12T06:21:11Z","_4","13"
"20752","distributeBW","2020-08-12T06:21:11Z","p5","21"
"20752","distributeBW","2020-08-12T06:21:11Z","p6","6"
"20752","distributeBW","2020-08-12T06:21:11Z","_6","7"
"20753","distributeBW","2020-08-12T06:21:14Z","pid","p4"
"20753","distributeBW","2020-08-12T06:21:14Z","resource","47"
"20753","distributeBW","2020-08-12T06:21:14Z","round","4"
"20753","distributeBW","2020-08-12T06:21:14Z","p1","27"
"20753","distributeBW","2020-08-12T06:21:14Z","_6","20"
"20754","distributeBW","2020-08-12T06:21:20Z","p2","20"
"20754","distributeBW","2020-08-12T06:21:20Z","p3","50"
"20754","distributeBW","2020-08-12T06:21:20Z","p6","10"
"20754","distributeBW","2020-08-12T06:21:20Z","pid","p5"
"20754","distributeBW","2020-08-12T06:21:20Z","resource","139"
"20754","distributeBW","2020-08-12T06:21:20Z","round","4"
"20755","resultStepStart","2020-08-12T06:21:24Z","startStep","resultStep"
"20756","ResultStart","2020-08-12T06:21:24Z","round","4"
"20757","ResultConfirmed","2020-08-12T06:21:24Z","pid","p1"
"20757","ResultConfirmed","2020-08-12T06:21:24Z","round","4"
"20757","ResultConfirmed","2020-08-12T06:21:24Z","received","42"
"20758","ResultConfirmed","2020-08-12T06:21:24Z","pid","p2"
"20758","ResultConfirmed","2020-08-12T06:21:24Z","round","4"
"20758","ResultConfirmed","2020-08-12T06:21:24Z","received","56"
"20759","ResultConfirmed","2020-08-12T06:21:24Z","pid","p3"
"20759","ResultConfirmed","2020-08-12T06:21:24Z","round","4"
"20759","ResultConfirmed","2020-08-12T06:21:24Z","received","50"
"20760","ResultConfirmed","2020-08-12T06:21:24Z","pid","p4"
"20760","ResultConfirmed","2020-08-12T06:21:24Z","round","4"
"20760","ResultConfirmed","2020-08-12T06:21:24Z","received","85"
"20769","ResultConfirmed","2020-08-12T06:21:24Z","pid","p5"
"20769","ResultConfirmed","2020-08-12T06:21:24Z","round","4"
"20769","ResultConfirmed","2020-08-12T06:21:24Z","received","60"
"20770","ResultConfirmed","2020-08-12T06:21:24Z","pid","p6"
"20770","ResultConfirmed","2020-08-12T06:21:24Z","round","4"
"20770","ResultConfirmed","2020-08-12T06:21:24Z","received","58"
"20771","ResultConfirmed","2020-08-12T06:21:24Z","pid","_1"
"20771","ResultConfirmed","2020-08-12T06:21:24Z","round","4"
"20771","ResultConfirmed","2020-08-12T06:21:24Z","received","54"
"20772","ResultConfirmed","2020-08-12T06:21:24Z","pid","_2"
"20772","ResultConfirmed","2020-08-12T06:21:24Z","round","4"
"20772","ResultConfirmed","2020-08-12T06:21:24Z","received","42"
"20773","ResultConfirmed","2020-08-12T06:21:24Z","pid","_3"
"20773","ResultConfirmed","2020-08-12T06:21:24Z","round","4"
"20773","ResultConfirmed","2020-08-12T06:21:24Z","received","44"
"20774","ResultConfirmed","2020-08-12T06:21:24Z","pid","_4"
"20774","ResultConfirmed","2020-08-12T06:21:24Z","round","4"
"20774","ResultConfirmed","2020-08-12T06:21:24Z","received","48"
"20775","ResultConfirmed","2020-08-12T06:21:24Z","pid","_5"
"20775","ResultConfirmed","2020-08-12T06:21:24Z","round","4"
"20775","ResultConfirmed","2020-08-12T06:21:24Z","received","114"
"20776","ResultConfirmed","2020-08-12T06:21:24Z","pid","_6"
"20776","ResultConfirmed","2020-08-12T06:21:24Z","round","4"
"20776","ResultConfirmed","2020-08-12T06:21:24Z","received","47"
"20777","clientLogIn","2020-08-12T06:21:28Z","clientId","p1"
"20777","clientLogIn","2020-08-12T06:21:28Z","referer","http://yanzuxu.nat300.top/game/193/804/p1/connected"
"20777","clientLogIn","2020-08-12T06:21:28Z","connection","keep-alive"
"20777","clientLogIn","2020-08-12T06:21:28Z","acceptLanguage","zh-CN,zh;q=0.9,en;q=0.8,en-US;q=0.7"
"20777","clientLogIn","2020-08-12T06:21:28Z","acceptEncoding","gzip, deflate"
"20777","clientLogIn","2020-08-12T06:21:28Z","userAgent","Mozilla/5.0 (Macintosh; Intel Mac OS X 10_15_5) AppleWebKit/537.36 (KHTML, like Gecko) Chrome/84.0.4147.89 Safari/537.36"
"20777","clientLogIn","2020-08-12T06:21:28Z","host","yanzuxu.nat300.top"
"20777","clientLogIn","2020-08-12T06:21:28Z","ipAddress","192.168.31.144"
"20777","clientLogIn","2020-08-12T06:21:28Z","requestURI","/game/193/804/p1/state"
"20778","ShareStart","2020-08-12T06:21:33Z","round","5"
"20779","distributeBW","2020-08-12T06:21:33Z","_5","10"
"20779","distributeBW","2020-08-12T06:21:33Z","_3","16"
"20779","distributeBW","2020-08-12T06:21:33Z","pid","_1"
"20779","distributeBW","2020-08-12T06:21:33Z","resource","89"
"20779","distributeBW","2020-08-12T06:21:33Z","round","5"
"20779","distributeBW","2020-08-12T06:21:33Z","_4","16"
"20779","distributeBW","2020-08-12T06:21:33Z","p6","37"
"20780","distributeBW","2020-08-12T06:21:33Z","pid","_2"
"20780","distributeBW","2020-08-12T06:21:33Z","resource","76"
"20780","distributeBW","2020-08-12T06:21:33Z","round","5"
"20780","distributeBW","2020-08-12T06:21:33Z","_5","76"
"20761","distributeBW","2020-08-12T06:21:34Z","pid","_3"
"20761","distributeBW","2020-08-12T06:21:34Z","resource","59"
"20761","distributeBW","2020-08-12T06:21:34Z","round","5"
"20761","distributeBW","2020-08-12T06:21:34Z","_5","2"
"20761","distributeBW","2020-08-12T06:21:34Z","_4","3"
"20761","distributeBW","2020-08-12T06:21:34Z","p6","5"
"20761","distributeBW","2020-08-12T06:21:34Z","p2","10"
"20761","distributeBW","2020-08-12T06:21:34Z","_6","5"
"20761","distributeBW","2020-08-12T06:21:34Z","_1","9"
"20761","distributeBW","2020-08-12T06:21:34Z","p1","10"
"20762","distributeBW","2020-08-12T06:21:34Z","pid","_4"
"20762","distributeBW","2020-08-12T06:21:34Z","resource","83"
"20762","distributeBW","2020-08-12T06:21:34Z","round","5"
"20762","distributeBW","2020-08-12T06:21:34Z","_6","12"
"20762","distributeBW","2020-08-12T06:21:34Z","_1","19"
"20762","distributeBW","2020-08-12T06:21:34Z","_5","6"
"20762","distributeBW","2020-08-12T06:21:34Z","_3","9"
"20762","distributeBW","2020-08-12T06:21:34Z","p6","7"
"20762","distributeBW","2020-08-12T06:21:34Z","p2","20"
"20763","distributeBW","2020-08-12T06:21:34Z","pid","_5"
"20763","distributeBW","2020-08-12T06:21:34Z","resource","90"
"20763","distributeBW","2020-08-12T06:21:34Z","round","5"
"20763","distributeBW","2020-08-12T06:21:34Z","_4","3"
"20763","distributeBW","2020-08-12T06:21:34Z","_2","65"
"20763","distributeBW","2020-08-12T06:21:34Z","_1","10"
"20763","distributeBW","2020-08-12T06:21:34Z","_3","4"
"20764","distributeBW","2020-08-12T06:21:34Z","pid","_6"
"20764","distributeBW","2020-08-12T06:21:34Z","resource","95"
"20764","distributeBW","2020-08-12T06:21:34Z","round","5"
"20764","distributeBW","2020-08-12T06:21:34Z","_4","5"
"20764","distributeBW","2020-08-12T06:21:34Z","p6","8"
"20764","distributeBW","2020-08-12T06:21:34Z","p4","35"
"20764","distributeBW","2020-08-12T06:21:34Z","p2","12"
"20764","distributeBW","2020-08-12T06:21:34Z","_3","3"
"20764","distributeBW","2020-08-12T06:21:34Z","p1","17"
"20765","distributeBW","2020-08-12T06:21:42Z","p5","5"
"20765","distributeBW","2020-08-12T06:21:42Z","_6","5"
"20765","distributeBW","2020-08-12T06:21:42Z","pid","p6"
"20765","distributeBW","2020-08-12T06:21:42Z","resource","46"
"20765","distributeBW","2020-08-12T06:21:42Z","round","5"
"20765","distributeBW","2020-08-12T06:21:42Z","p2","5"
"20765","distributeBW","2020-08-12T06:21:42Z","_1","6"
"20765","distributeBW","2020-08-12T06:21:42Z","_3","5"
"20765","distributeBW","2020-08-12T06:21:42Z","_4","20"
"20766","distributeBW","2020-08-12T06:21:44Z","pid","p1"
"20766","distributeBW","2020-08-12T06:21:44Z","resource","106"
"20766","distributeBW","2020-08-12T06:21:44Z","round","5"
"20766","distributeBW","2020-08-12T06:21:44Z","_3","3"
"20766","distributeBW","2020-08-12T06:21:44Z","p4","100"
"20766","distributeBW","2020-08-12T06:21:44Z","_6","3"
"20767","distributeBW","2020-08-12T06:21:47Z","pid","p2"
"20767","distributeBW","2020-08-12T06:21:47Z","resource","91"
"20767","distributeBW","2020-08-12T06:21:47Z","round","5"
"20767","distributeBW","2020-08-12T06:21:47Z","_3","18"
"20767","distributeBW","2020-08-12T06:21:47Z","_4","15"
"20767","distributeBW","2020-08-12T06:21:47Z","p5","27"
"20767","distributeBW","2020-08-12T06:21:47Z","p6","12"
"20767","distributeBW","2020-08-12T06:21:47Z","_6","19"
"20768","distributeBW","2020-08-12T06:21:51Z","pid","p4"
"20768","distributeBW","2020-08-12T06:21:51Z","resource","49"
"20768","distributeBW","2020-08-12T06:21:51Z","round","5"
"20768","distributeBW","2020-08-12T06:21:51Z","p1","19"
"20768","distributeBW","2020-08-12T06:21:51Z","_6","30"
"20781","distributeBW","2020-08-12T06:21:51Z","pid","p5"
"20781","distributeBW","2020-08-12T06:21:51Z","resource","134"
"20781","distributeBW","2020-08-12T06:21:51Z","round","5"
"20781","distributeBW","2020-08-12T06:21:51Z","p2","35"
"20781","distributeBW","2020-08-12T06:21:51Z","p3","50"
"20781","distributeBW","2020-08-12T06:21:51Z","p6","10"
"20782","distributeBW","2020-08-12T06:22:06Z","pid","p3"
"20782","distributeBW","2020-08-12T06:22:06Z","resource","131"
"20782","distributeBW","2020-08-12T06:22:06Z","round","5"
"20782","distributeBW","2020-08-12T06:22:06Z","p5","100"
"20783","resultStepStart","2020-08-12T06:22:10Z","startStep","resultStep"
"20784","ResultStart","2020-08-12T06:22:10Z","round","5"
"20785","ResultConfirmed","2020-08-12T06:22:10Z","pid","p1"
"20785","ResultConfirmed","2020-08-12T06:22:10Z","round","5"
"20785","ResultConfirmed","2020-08-12T06:22:10Z","received","46"
"20786","ResultConfirmed","2020-08-12T06:22:10Z","pid","p2"
"20786","ResultConfirmed","2020-08-12T06:22:10Z","round","5"
"20786","ResultConfirmed","2020-08-12T06:22:10Z","received","82"
"20787","ResultConfirmed","2020-08-12T06:22:10Z","pid","p3"
"20787","ResultConfirmed","2020-08-12T06:22:10Z","round","5"
"20787","ResultConfirmed","2020-08-12T06:22:10Z","received","50"
"20788","ResultConfirmed","2020-08-12T06:22:10Z","pid","p4"
"20788","ResultConfirmed","2020-08-12T06:22:10Z","round","5"
"20788","ResultConfirmed","2020-08-12T06:22:10Z","received","135"
"20789","ResultConfirmed","2020-08-12T06:22:10Z","pid","p5"
"20789","ResultConfirmed","2020-08-12T06:22:10Z","round","5"
"20789","ResultConfirmed","2020-08-12T06:22:10Z","received","132"
"20790","ResultConfirmed","2020-08-12T06:22:10Z","pid","p6"
"20790","ResultConfirmed","2020-08-12T06:22:10Z","round","5"
"20790","ResultConfirmed","2020-08-12T06:22:10Z","received","79"
"20791","ResultConfirmed","2020-08-12T06:22:10Z","pid","_1"
"20791","ResultConfirmed","2020-08-12T06:22:10Z","round","5"
"20791","ResultConfirmed","2020-08-12T06:22:10Z","received","44"
"20792","ResultConfirmed","2020-08-12T06:22:10Z","received","65"
"20792","ResultConfirmed","2020-08-12T06:22:10Z","pid","_2"
"20792","ResultConfirmed","2020-08-12T06:22:10Z","round","5"
"20793","ResultConfirmed","2020-08-12T06:22:10Z","pid","_3"
"20793","ResultConfirmed","2020-08-12T06:22:10Z","round","5"
"20793","ResultConfirmed","2020-08-12T06:22:10Z","received","58"
"20794","ResultConfirmed","2020-08-12T06:22:10Z","pid","_4"
"20794","ResultConfirmed","2020-08-12T06:22:10Z","round","5"
"20794","ResultConfirmed","2020-08-12T06:22:10Z","received","62"
"20795","ResultConfirmed","2020-08-12T06:22:10Z","pid","_5"
"20795","ResultConfirmed","2020-08-12T06:22:10Z","round","5"
"20795","ResultConfirmed","2020-08-12T06:22:10Z","received","94"
"20796","ResultConfirmed","2020-08-12T06:22:10Z","pid","_6"
"20796","ResultConfirmed","2020-08-12T06:22:10Z","round","5"
"20796","ResultConfirmed","2020-08-12T06:22:10Z","received","74"
"20797","GameEnd","2020-08-12T06:22:23Z","round","5"
"20798","PlayerBonus","2020-08-12T06:22:23Z","pid","p1"
"20798","PlayerBonus","2020-08-12T06:22:23Z","bonus","13.15"
"20798","PlayerBonus","2020-08-12T06:22:23Z","totalBonus","13.15"
"20799","PlayerBonus","2020-08-12T06:22:23Z","pid","p2"
"20799","PlayerBonus","2020-08-12T06:22:23Z","bonus","14.45"
"20799","PlayerBonus","2020-08-12T06:22:23Z","totalBonus","14.45"
"20800","PlayerBonus","2020-08-12T06:22:23Z","pid","p3"
"20800","PlayerBonus","2020-08-12T06:22:23Z","bonus","8.0"
"20800","PlayerBonus","2020-08-12T06:22:23Z","totalBonus","8.0"
"20801","PlayerBonus","2020-08-12T06:22:23Z","pid","p4"
"20801","PlayerBonus","2020-08-12T06:22:23Z","bonus","19.5"
"20801","PlayerBonus","2020-08-12T06:22:23Z","totalBonus","19.5"
"20802","PlayerBonus","2020-08-12T06:22:23Z","pid","p5"
"20802","PlayerBonus","2020-08-12T06:22:23Z","bonus","18.95"
"20802","PlayerBonus","2020-08-12T06:22:23Z","totalBonus","18.95"
"20803","PlayerBonus","2020-08-12T06:22:23Z","pid","p6"
"20803","PlayerBonus","2020-08-12T06:22:23Z","bonus","17.85"
"20803","PlayerBonus","2020-08-12T06:22:23Z","totalBonus","17.85"
