id,event,event_date,data_name,data_value
7621,clientLogIn,2020-06-02T10:12:13Z,clientId,human1
7621,clientLogIn,2020-06-02T10:12:13Z,referer,http://192.169.11.81:9000/game/97/449/human1/connected
7621,clientLogIn,2020-06-02T10:12:13Z,connection,keep-alive
7621,clientLogIn,2020-06-02T10:12:13Z,acceptLanguage,"zh-CN,zh;q=0.9,en-US;q=0.8,en;q=0.7"
7621,clientLogIn,2020-06-02T10:12:13Z,acceptEncoding,"gzip, deflate"
7621,clientLogIn,2020-06-02T10:12:13Z,userAgent,"Mozilla/5.0 (Macintosh; Intel Mac OS X 10_15_4) AppleWebKit/537.36 (KHTML, like Gecko) Chrome/83.0.4103.61 Safari/537.36"
7621,clientLogIn,2020-06-02T10:12:13Z,host,192.169.11.81:9000
7621,clientLogIn,2020-06-02T10:12:13Z,ipAddress,192.169.11.81
7621,clientLogIn,2020-06-02T10:12:13Z,requestURI,/game/97/449/human1/state
7622,StartedTutorial,2020-06-02T10:12:18Z,pid,human1
7623,practice_distributeBW,2020-06-02T10:12:26Z,pid,human1
7623,practice_distributeBW,2020-06-02T10:12:26Z,pround,0
7623,practice_distributeBW,2020-06-02T10:12:26Z,human1_3,1
7623,practice_distributeBW,2020-06-02T10:12:26Z,human1_2,1
7623,practice_distributeBW,2020-06-02T10:12:26Z,human1_1,1
7624,practice_distributeBW,2020-06-02T10:12:34Z,pid,human1
7624,practice_distributeBW,2020-06-02T10:12:34Z,pround,1
7624,practice_distributeBW,2020-06-02T10:12:34Z,human1_3,2
7624,practice_distributeBW,2020-06-02T10:12:34Z,human1_2,2
7624,practice_distributeBW,2020-06-02T10:12:34Z,human1_1,2
7625,Test1,2020-06-02T10:12:43Z,pid,human1
7625,Test1,2020-06-02T10:12:43Z,passed,TRUE
7625,Test1,2020-06-02T10:12:43Z,answer,Total Internet (Mbps) you have received.
7626,Test2,2020-06-02T10:12:48Z,pid,human1
7626,Test2,2020-06-02T10:12:48Z,passed,TRUE
7626,Test2,2020-06-02T10:12:48Z,answer,You have to make the sharing decision within 90 seconds.
7627,Test3,2020-06-02T10:12:51Z,pid,human1
7627,Test3,2020-06-02T10:12:51Z,passed,TRUE
7627,Test3,2020-06-02T10:12:51Z,answer,Player 'E' is one of players with whom you can share your Internet.
7628,PlayerWaiting,2020-06-02T10:12:51Z,pid,human1
7629,InitParameters,2020-06-02T10:12:55Z,nRounds,5
7629,InitParameters,2020-06-02T10:12:55Z,connectivity,0.3
7629,InitParameters,2020-06-02T10:12:55Z,showInformation,0
7629,InitParameters,2020-06-02T10:12:55Z,bonusRatio,0.005
7629,InitParameters,2020-06-02T10:12:55Z,extraBonus,2.5
7629,InitParameters,2020-06-02T10:12:55Z,resource,30
7629,InitParameters,2020-06-02T10:12:55Z,geoID,0
7629,InitParameters,2020-06-02T10:12:55Z,network,0
7629,InitParameters,2020-06-02T10:12:55Z,n,20
7629,InitParameters,2020-06-02T10:12:55Z,nAI,19
7630,ReadyClicked,2020-06-02T10:12:56Z,pid,human1
7631,CreateGraph,2020-06-02T10:13:25Z,count,0
7632,CreateGraph,2020-06-02T10:13:25Z,count,1
7633,CreateGraph,2020-06-02T10:13:25Z,count,2
7634,CreateGraph,2020-06-02T10:13:25Z,count,3
7635,CreateGraph,2020-06-02T10:13:25Z,count,4
7636,CreateGraph,2020-06-02T10:13:25Z,count,5
7637,Connected,2020-06-02T10:13:25Z,playerId1,_15
7637,Connected,2020-06-02T10:13:25Z,playerId2,_3
7638,Connected,2020-06-02T10:13:25Z,playerId1,_5
7638,Connected,2020-06-02T10:13:25Z,playerId2,_17
7639,Connected,2020-06-02T10:13:25Z,playerId1,_11
7639,Connected,2020-06-02T10:13:25Z,playerId2,_9
7640,Connected,2020-06-02T10:13:25Z,playerId1,_17
7640,Connected,2020-06-02T10:13:25Z,playerId2,_14
7649,Connected,2020-06-02T10:13:25Z,playerId1,_7
7649,Connected,2020-06-02T10:13:25Z,playerId2,_5
7650,Connected,2020-06-02T10:13:25Z,playerId1,_7
7650,Connected,2020-06-02T10:13:25Z,playerId2,_17
7651,Connected,2020-06-02T10:13:25Z,playerId1,_1
7651,Connected,2020-06-02T10:13:25Z,playerId2,_9
7652,Connected,2020-06-02T10:13:25Z,playerId1,_1
7652,Connected,2020-06-02T10:13:25Z,playerId2,_12
7653,Connected,2020-06-02T10:13:25Z,playerId1,_2
7653,Connected,2020-06-02T10:13:25Z,playerId2,_6
7654,Connected,2020-06-02T10:13:25Z,playerId1,_2
7654,Connected,2020-06-02T10:13:25Z,playerId2,_4
7655,Connected,2020-06-02T10:13:25Z,playerId1,_2
7655,Connected,2020-06-02T10:13:25Z,playerId2,_12
7656,Connected,2020-06-02T10:13:25Z,playerId1,_2
7656,Connected,2020-06-02T10:13:25Z,playerId2,_16
7657,Connected,2020-06-02T10:13:25Z,playerId1,_2
7657,Connected,2020-06-02T10:13:25Z,playerId2,_8
7658,Connected,2020-06-02T10:13:25Z,playerId1,_9
7658,Connected,2020-06-02T10:13:25Z,playerId2,_12
7659,Connected,2020-06-02T10:13:25Z,playerId1,_9
7659,Connected,2020-06-02T10:13:25Z,playerId2,_13
7660,Connected,2020-06-02T10:13:25Z,playerId1,_10
7660,Connected,2020-06-02T10:13:25Z,playerId2,_15
7641,Connected,2020-06-02T10:13:25Z,playerId1,_10
7641,Connected,2020-06-02T10:13:25Z,playerId2,_14
7642,Connected,2020-06-02T10:13:25Z,playerId1,_6
7642,Connected,2020-06-02T10:13:25Z,playerId2,_4
7643,Connected,2020-06-02T10:13:25Z,playerId1,_19
7643,Connected,2020-06-02T10:13:25Z,playerId2,_17
7644,Connected,2020-06-02T10:13:25Z,playerId1,_6
7644,Connected,2020-06-02T10:13:25Z,playerId2,_3
7645,Connected,2020-06-02T10:13:25Z,playerId2,_10
7645,Connected,2020-06-02T10:13:25Z,playerId1,human1
7646,Connected,2020-06-02T10:13:25Z,playerId1,_4
7646,Connected,2020-06-02T10:13:25Z,playerId2,_3
7647,Connected,2020-06-02T10:13:25Z,playerId1,human1
7647,Connected,2020-06-02T10:13:25Z,playerId2,_17
7648,Connected,2020-06-02T10:13:25Z,playerId1,_12
7648,Connected,2020-06-02T10:13:25Z,playerId2,_16
7661,Connected,2020-06-02T10:13:25Z,playerId1,_18
7661,Connected,2020-06-02T10:13:25Z,playerId2,_10
7662,Connected,2020-06-02T10:13:25Z,playerId1,_12
7662,Connected,2020-06-02T10:13:25Z,playerId2,_8
7663,Connected,2020-06-02T10:13:25Z,playerId1,_18
7663,Connected,2020-06-02T10:13:25Z,playerId2,_15
7664,Connected,2020-06-02T10:13:25Z,playerId1,_16
7664,Connected,2020-06-02T10:13:25Z,playerId2,_8
7665,Connected,2020-06-02T10:13:25Z,playerId1,_18
7665,Connected,2020-06-02T10:13:25Z,playerId2,_3
7666,Connected,2020-06-02T10:13:25Z,playerId1,_11
7666,Connected,2020-06-02T10:13:25Z,playerId2,_1
7667,PlayerLabel,2020-06-02T10:13:25Z,pid,_13
7667,PlayerLabel,2020-06-02T10:13:25Z,label,N
7667,PlayerLabel,2020-06-02T10:13:25Z,degree,1
7667,PlayerLabel,2020-06-02T10:13:25Z,resource,30
7668,PlayerLabel,2020-06-02T10:13:25Z,pid,_12
7668,PlayerLabel,2020-06-02T10:13:25Z,label,L
7668,PlayerLabel,2020-06-02T10:13:25Z,degree,5
7668,PlayerLabel,2020-06-02T10:13:25Z,resource,30
7669,PlayerLabel,2020-06-02T10:13:25Z,pid,_15
7669,PlayerLabel,2020-06-02T10:13:25Z,label,O
7669,PlayerLabel,2020-06-02T10:13:25Z,degree,3
7669,PlayerLabel,2020-06-02T10:13:25Z,resource,30
7670,PlayerLabel,2020-06-02T10:13:25Z,pid,_14
7670,PlayerLabel,2020-06-02T10:13:25Z,label,T
7670,PlayerLabel,2020-06-02T10:13:25Z,degree,2
7670,PlayerLabel,2020-06-02T10:13:25Z,resource,30
7671,PlayerLabel,2020-06-02T10:13:25Z,pid,_17
7671,PlayerLabel,2020-06-02T10:13:25Z,label,S
7671,PlayerLabel,2020-06-02T10:13:25Z,degree,5
7671,PlayerLabel,2020-06-02T10:13:25Z,resource,30
7672,PlayerLabel,2020-06-02T10:13:25Z,pid,_16
7672,PlayerLabel,2020-06-02T10:13:25Z,label,M
7672,PlayerLabel,2020-06-02T10:13:25Z,degree,3
7672,PlayerLabel,2020-06-02T10:13:25Z,resource,30
7673,PlayerLabel,2020-06-02T10:13:25Z,pid,_19
7673,PlayerLabel,2020-06-02T10:13:25Z,label,A
7673,PlayerLabel,2020-06-02T10:13:25Z,degree,1
7673,PlayerLabel,2020-06-02T10:13:25Z,resource,30
7674,PlayerLabel,2020-06-02T10:13:25Z,label,C
7674,PlayerLabel,2020-06-02T10:13:25Z,degree,3
7674,PlayerLabel,2020-06-02T10:13:25Z,resource,30
7674,PlayerLabel,2020-06-02T10:13:25Z,pid,_18
7675,PlayerLabel,2020-06-02T10:13:25Z,pid,_1
7675,PlayerLabel,2020-06-02T10:13:25Z,label,F
7675,PlayerLabel,2020-06-02T10:13:25Z,degree,3
7675,PlayerLabel,2020-06-02T10:13:25Z,resource,30
7676,PlayerLabel,2020-06-02T10:13:25Z,label,G
7676,PlayerLabel,2020-06-02T10:13:25Z,degree,5
7676,PlayerLabel,2020-06-02T10:13:25Z,resource,30
7676,PlayerLabel,2020-06-02T10:13:25Z,pid,_2
7677,PlayerLabel,2020-06-02T10:13:25Z,pid,_3
7677,PlayerLabel,2020-06-02T10:13:25Z,label,R
7677,PlayerLabel,2020-06-02T10:13:25Z,degree,4
7677,PlayerLabel,2020-06-02T10:13:25Z,resource,30
7678,PlayerLabel,2020-06-02T10:13:25Z,pid,_4
7678,PlayerLabel,2020-06-02T10:13:25Z,label,K
7678,PlayerLabel,2020-06-02T10:13:25Z,degree,3
7678,PlayerLabel,2020-06-02T10:13:25Z,resource,30
7679,PlayerLabel,2020-06-02T10:13:25Z,pid,_5
7679,PlayerLabel,2020-06-02T10:13:25Z,label,Q
7679,PlayerLabel,2020-06-02T10:13:25Z,degree,2
7679,PlayerLabel,2020-06-02T10:13:25Z,resource,30
7680,PlayerLabel,2020-06-02T10:13:25Z,pid,_6
7680,PlayerLabel,2020-06-02T10:13:25Z,label,J
7680,PlayerLabel,2020-06-02T10:13:25Z,degree,3
7680,PlayerLabel,2020-06-02T10:13:25Z,resource,30
7681,PlayerLabel,2020-06-02T10:13:25Z,pid,_7
7681,PlayerLabel,2020-06-02T10:13:25Z,label,E
7681,PlayerLabel,2020-06-02T10:13:25Z,degree,2
7681,PlayerLabel,2020-06-02T10:13:25Z,resource,30
7682,PlayerLabel,2020-06-02T10:13:25Z,pid,_8
7682,PlayerLabel,2020-06-02T10:13:25Z,label,P
7682,PlayerLabel,2020-06-02T10:13:25Z,degree,3
7682,PlayerLabel,2020-06-02T10:13:25Z,resource,30
7683,PlayerLabel,2020-06-02T10:13:25Z,pid,_9
7683,PlayerLabel,2020-06-02T10:13:25Z,label,H
7683,PlayerLabel,2020-06-02T10:13:25Z,degree,4
7683,PlayerLabel,2020-06-02T10:13:25Z,resource,30
7684,PlayerLabel,2020-06-02T10:13:25Z,pid,_11
7684,PlayerLabel,2020-06-02T10:13:25Z,label,D
7684,PlayerLabel,2020-06-02T10:13:25Z,degree,2
7684,PlayerLabel,2020-06-02T10:13:25Z,resource,30
7685,PlayerLabel,2020-06-02T10:13:25Z,pid,human1
7685,PlayerLabel,2020-06-02T10:13:25Z,label,B
7685,PlayerLabel,2020-06-02T10:13:25Z,degree,2
7685,PlayerLabel,2020-06-02T10:13:25Z,resource,30
7686,PlayerLabel,2020-06-02T10:13:25Z,pid,_10
7686,PlayerLabel,2020-06-02T10:13:25Z,label,I
7686,PlayerLabel,2020-06-02T10:13:25Z,degree,4
7686,PlayerLabel,2020-06-02T10:13:25Z,resource,30
7687,ShareStart,2020-06-02T10:13:25Z,round,1
7688,distributeBW,2020-06-02T10:13:26Z,pid,_13
7688,distributeBW,2020-06-02T10:13:26Z,resource,42
7688,distributeBW,2020-06-02T10:13:26Z,round,1
7688,distributeBW,2020-06-02T10:13:26Z,_9,42
7689,distributeBW,2020-06-02T10:13:26Z,pid,_12
7689,distributeBW,2020-06-02T10:13:26Z,resource,20
7689,distributeBW,2020-06-02T10:13:26Z,round,1
7689,distributeBW,2020-06-02T10:13:26Z,_1,4
7689,distributeBW,2020-06-02T10:13:26Z,_2,4
7689,distributeBW,2020-06-02T10:13:26Z,_9,4
7689,distributeBW,2020-06-02T10:13:26Z,_8,4
7689,distributeBW,2020-06-02T10:13:26Z,_16,4
7690,distributeBW,2020-06-02T10:13:26Z,pid,_15
7690,distributeBW,2020-06-02T10:13:26Z,resource,29
7690,distributeBW,2020-06-02T10:13:26Z,round,1
7690,distributeBW,2020-06-02T10:13:26Z,_10,9
7690,distributeBW,2020-06-02T10:13:26Z,_18,9
7690,distributeBW,2020-06-02T10:13:26Z,_3,9
7691,distributeBW,2020-06-02T10:13:26Z,pid,_14
7691,distributeBW,2020-06-02T10:13:26Z,resource,41
7691,distributeBW,2020-06-02T10:13:26Z,round,1
7691,distributeBW,2020-06-02T10:13:26Z,_17,20
7691,distributeBW,2020-06-02T10:13:26Z,_10,20
7692,distributeBW,2020-06-02T10:13:26Z,pid,_17
7692,distributeBW,2020-06-02T10:13:26Z,resource,42
7692,distributeBW,2020-06-02T10:13:26Z,round,1
7692,distributeBW,2020-06-02T10:13:26Z,_7,8
7692,distributeBW,2020-06-02T10:13:26Z,_19,8
7692,distributeBW,2020-06-02T10:13:26Z,_5,8
7692,distributeBW,2020-06-02T10:13:26Z,human1,8
7692,distributeBW,2020-06-02T10:13:26Z,_14,8
7693,distributeBW,2020-06-02T10:13:26Z,pid,_16
7693,distributeBW,2020-06-02T10:13:26Z,resource,41
7693,distributeBW,2020-06-02T10:13:26Z,round,1
7693,distributeBW,2020-06-02T10:13:26Z,_2,13
7693,distributeBW,2020-06-02T10:13:26Z,_12,13
7693,distributeBW,2020-06-02T10:13:26Z,_8,13
7694,distributeBW,2020-06-02T10:13:26Z,pid,_19
7694,distributeBW,2020-06-02T10:13:26Z,resource,29
7694,distributeBW,2020-06-02T10:13:26Z,round,1
7694,distributeBW,2020-06-02T10:13:26Z,_17,29
7695,distributeBW,2020-06-02T10:13:26Z,pid,_18
7695,distributeBW,2020-06-02T10:13:26Z,resource,41
7695,distributeBW,2020-06-02T10:13:26Z,round,1
7695,distributeBW,2020-06-02T10:13:26Z,_15,13
7695,distributeBW,2020-06-02T10:13:26Z,_3,13
7695,distributeBW,2020-06-02T10:13:26Z,_10,13
7696,distributeBW,2020-06-02T10:13:26Z,pid,_1
7696,distributeBW,2020-06-02T10:13:26Z,resource,42
7696,distributeBW,2020-06-02T10:13:26Z,round,1
7696,distributeBW,2020-06-02T10:13:26Z,_11,13
7696,distributeBW,2020-06-02T10:13:26Z,_9,13
7696,distributeBW,2020-06-02T10:13:26Z,_12,13
7697,distributeBW,2020-06-02T10:13:26Z,_8,4
7697,distributeBW,2020-06-02T10:13:26Z,pid,_2
7697,distributeBW,2020-06-02T10:13:26Z,resource,22
7697,distributeBW,2020-06-02T10:13:26Z,round,1
7697,distributeBW,2020-06-02T10:13:26Z,_6,4
7697,distributeBW,2020-06-02T10:13:26Z,_4,4
7697,distributeBW,2020-06-02T10:13:26Z,_12,4
7697,distributeBW,2020-06-02T10:13:26Z,_16,4
7698,distributeBW,2020-06-02T10:13:26Z,pid,_3
7698,distributeBW,2020-06-02T10:13:26Z,resource,25
7698,distributeBW,2020-06-02T10:13:26Z,round,1
7698,distributeBW,2020-06-02T10:13:26Z,_18,6
7698,distributeBW,2020-06-02T10:13:26Z,_6,6
7698,distributeBW,2020-06-02T10:13:26Z,_4,6
7698,distributeBW,2020-06-02T10:13:26Z,_15,6
7699,distributeBW,2020-06-02T10:13:26Z,pid,_4
7699,distributeBW,2020-06-02T10:13:26Z,resource,42
7699,distributeBW,2020-06-02T10:13:26Z,round,1
7699,distributeBW,2020-06-02T10:13:26Z,_6,13
7699,distributeBW,2020-06-02T10:13:26Z,_2,13
7699,distributeBW,2020-06-02T10:13:26Z,_3,13
7700,distributeBW,2020-06-02T10:13:26Z,pid,_5
7700,distributeBW,2020-06-02T10:13:26Z,resource,27
7700,distributeBW,2020-06-02T10:13:26Z,round,1
7700,distributeBW,2020-06-02T10:13:26Z,_7,13
7700,distributeBW,2020-06-02T10:13:26Z,_17,13
7713,distributeBW,2020-06-02T10:13:26Z,pid,_6
7713,distributeBW,2020-06-02T10:13:26Z,resource,28
7713,distributeBW,2020-06-02T10:13:26Z,round,1
7713,distributeBW,2020-06-02T10:13:26Z,_2,9
7713,distributeBW,2020-06-02T10:13:26Z,_4,9
7713,distributeBW,2020-06-02T10:13:26Z,_3,9
7714,distributeBW,2020-06-02T10:13:26Z,pid,_7
7714,distributeBW,2020-06-02T10:13:26Z,resource,26
7714,distributeBW,2020-06-02T10:13:26Z,round,1
7714,distributeBW,2020-06-02T10:13:26Z,_5,13
7714,distributeBW,2020-06-02T10:13:26Z,_17,13
7715,distributeBW,2020-06-02T10:13:26Z,pid,_8
7715,distributeBW,2020-06-02T10:13:26Z,resource,46
7715,distributeBW,2020-06-02T10:13:26Z,round,1
7715,distributeBW,2020-06-02T10:13:26Z,_12,15
7715,distributeBW,2020-06-02T10:13:26Z,_16,15
7715,distributeBW,2020-06-02T10:13:26Z,_2,15
7716,distributeBW,2020-06-02T10:13:26Z,pid,_9
7716,distributeBW,2020-06-02T10:13:26Z,resource,49
7716,distributeBW,2020-06-02T10:13:26Z,round,1
7716,distributeBW,2020-06-02T10:13:26Z,_1,12
7716,distributeBW,2020-06-02T10:13:26Z,_11,12
7716,distributeBW,2020-06-02T10:13:26Z,_13,12
7716,distributeBW,2020-06-02T10:13:26Z,_12,12
7717,distributeBW,2020-06-02T10:13:26Z,pid,_11
7717,distributeBW,2020-06-02T10:13:26Z,resource,23
7717,distributeBW,2020-06-02T10:13:26Z,round,1
7717,distributeBW,2020-06-02T10:13:26Z,_1,11
7717,distributeBW,2020-06-02T10:13:26Z,_9,11
7718,distributeBW,2020-06-02T10:13:26Z,pid,_10
7718,distributeBW,2020-06-02T10:13:26Z,resource,46
7718,distributeBW,2020-06-02T10:13:26Z,round,1
7718,distributeBW,2020-06-02T10:13:26Z,human1,11
7718,distributeBW,2020-06-02T10:13:26Z,_18,11
7718,distributeBW,2020-06-02T10:13:26Z,_15,11
7718,distributeBW,2020-06-02T10:13:26Z,_14,11
7719,distributeBW,2020-06-02T10:16:18Z,resource,27
7719,distributeBW,2020-06-02T10:16:18Z,round,1
7719,distributeBW,2020-06-02T10:16:18Z,_17,14
7719,distributeBW,2020-06-02T10:16:18Z,_10,12
7719,distributeBW,2020-06-02T10:16:18Z,pid,human1
7720,resultStepStart,2020-06-02T10:16:22Z,startStep,resultStep
7701,ResultStart,2020-06-02T10:16:22Z,round,1
7702,ResultConfirmed,2020-06-02T10:16:22Z,pid,_13
7702,ResultConfirmed,2020-06-02T10:16:22Z,round,1
7702,ResultConfirmed,2020-06-02T10:16:22Z,received,12
7703,ResultConfirmed,2020-06-02T10:16:22Z,pid,_12
7703,ResultConfirmed,2020-06-02T10:16:22Z,round,1
7703,ResultConfirmed,2020-06-02T10:16:22Z,received,57
7704,ResultConfirmed,2020-06-02T10:16:22Z,pid,_15
7704,ResultConfirmed,2020-06-02T10:16:22Z,round,1
7704,ResultConfirmed,2020-06-02T10:16:22Z,received,30
7705,ResultConfirmed,2020-06-02T10:16:23Z,pid,_14
7705,ResultConfirmed,2020-06-02T10:16:23Z,round,1
7705,ResultConfirmed,2020-06-02T10:16:23Z,received,19
7706,ResultConfirmed,2020-06-02T10:16:23Z,pid,_17
7706,ResultConfirmed,2020-06-02T10:16:23Z,round,1
7706,ResultConfirmed,2020-06-02T10:16:23Z,received,89
7707,ResultConfirmed,2020-06-02T10:16:23Z,pid,_16
7707,ResultConfirmed,2020-06-02T10:16:23Z,round,1
7707,ResultConfirmed,2020-06-02T10:16:23Z,received,23
7708,ResultConfirmed,2020-06-02T10:16:23Z,pid,_19
7708,ResultConfirmed,2020-06-02T10:16:23Z,round,1
7708,ResultConfirmed,2020-06-02T10:16:23Z,received,8
7709,ResultConfirmed,2020-06-02T10:16:23Z,pid,_18
7709,ResultConfirmed,2020-06-02T10:16:23Z,round,1
7709,ResultConfirmed,2020-06-02T10:16:23Z,received,26
7710,ResultConfirmed,2020-06-02T10:16:23Z,pid,_1
7710,ResultConfirmed,2020-06-02T10:16:23Z,round,1
7710,ResultConfirmed,2020-06-02T10:16:23Z,received,27
7711,ResultConfirmed,2020-06-02T10:16:23Z,pid,_2
7711,ResultConfirmed,2020-06-02T10:16:23Z,round,1
7711,ResultConfirmed,2020-06-02T10:16:23Z,received,54
7712,ResultConfirmed,2020-06-02T10:16:23Z,pid,_3
7712,ResultConfirmed,2020-06-02T10:16:23Z,round,1
7712,ResultConfirmed,2020-06-02T10:16:23Z,received,44
7721,ResultConfirmed,2020-06-02T10:16:23Z,pid,_4
7721,ResultConfirmed,2020-06-02T10:16:23Z,round,1
7721,ResultConfirmed,2020-06-02T10:16:23Z,received,19
7722,ResultConfirmed,2020-06-02T10:16:23Z,pid,_5
7722,ResultConfirmed,2020-06-02T10:16:23Z,round,1
7722,ResultConfirmed,2020-06-02T10:16:23Z,received,21
7723,ResultConfirmed,2020-06-02T10:16:23Z,pid,_6
7723,ResultConfirmed,2020-06-02T10:16:23Z,round,1
7723,ResultConfirmed,2020-06-02T10:16:23Z,received,23
7724,ResultConfirmed,2020-06-02T10:16:23Z,pid,_7
7724,ResultConfirmed,2020-06-02T10:16:23Z,round,1
7724,ResultConfirmed,2020-06-02T10:16:23Z,received,21
7725,ResultConfirmed,2020-06-02T10:16:23Z,pid,_8
7725,ResultConfirmed,2020-06-02T10:16:23Z,round,1
7725,ResultConfirmed,2020-06-02T10:16:23Z,received,21
7726,ResultConfirmed,2020-06-02T10:16:23Z,pid,_9
7726,ResultConfirmed,2020-06-02T10:16:23Z,round,1
7726,ResultConfirmed,2020-06-02T10:16:23Z,received,70
7727,ResultConfirmed,2020-06-02T10:16:23Z,pid,_11
7727,ResultConfirmed,2020-06-02T10:16:23Z,round,1
7727,ResultConfirmed,2020-06-02T10:16:23Z,received,25
7728,ResultConfirmed,2020-06-02T10:16:23Z,pid,human1
7728,ResultConfirmed,2020-06-02T10:16:23Z,round,1
7728,ResultConfirmed,2020-06-02T10:16:23Z,received,19
7729,ResultConfirmed,2020-06-02T10:16:23Z,pid,_10
7729,ResultConfirmed,2020-06-02T10:16:23Z,round,1
7729,ResultConfirmed,2020-06-02T10:16:23Z,received,54
7730,ShareStart,2020-06-02T10:16:24Z,round,2
7731,distributeBW,2020-06-02T10:16:24Z,pid,_13
7731,distributeBW,2020-06-02T10:16:24Z,resource,22
7731,distributeBW,2020-06-02T10:16:24Z,round,2
7731,distributeBW,2020-06-02T10:16:24Z,_9,22
7732,distributeBW,2020-06-02T10:16:24Z,pid,_12
7732,distributeBW,2020-06-02T10:16:24Z,resource,31
7732,distributeBW,2020-06-02T10:16:24Z,round,2
7732,distributeBW,2020-06-02T10:16:24Z,_1,6
7732,distributeBW,2020-06-02T10:16:24Z,_2,1
7732,distributeBW,2020-06-02T10:16:24Z,_9,5
7732,distributeBW,2020-06-02T10:16:24Z,_8,7
7732,distributeBW,2020-06-02T10:16:24Z,_16,6
7733,distributeBW,2020-06-02T10:16:24Z,pid,_15
7733,distributeBW,2020-06-02T10:16:24Z,resource,47
7733,distributeBW,2020-06-02T10:16:24Z,round,2
7733,distributeBW,2020-06-02T10:16:24Z,_10,16
7733,distributeBW,2020-06-02T10:16:24Z,_18,19
7733,distributeBW,2020-06-02T10:16:24Z,_3,9
7734,distributeBW,2020-06-02T10:16:24Z,pid,_14
7734,distributeBW,2020-06-02T10:16:24Z,resource,26
7734,distributeBW,2020-06-02T10:16:24Z,round,2
7734,distributeBW,2020-06-02T10:16:24Z,_17,10
7734,distributeBW,2020-06-02T10:16:24Z,_10,14
7735,distributeBW,2020-06-02T10:16:24Z,pid,_17
7735,distributeBW,2020-06-02T10:16:24Z,resource,21
7735,distributeBW,2020-06-02T10:16:24Z,round,2
7735,distributeBW,2020-06-02T10:16:24Z,_7,2
7735,distributeBW,2020-06-02T10:16:24Z,_19,6
7735,distributeBW,2020-06-02T10:16:24Z,_5,2
7735,distributeBW,2020-06-02T10:16:24Z,human1,3
7735,distributeBW,2020-06-02T10:16:24Z,_14,4
7736,distributeBW,2020-06-02T10:16:24Z,pid,_16
7736,distributeBW,2020-06-02T10:16:24Z,resource,42
7736,distributeBW,2020-06-02T10:16:24Z,round,2
7736,distributeBW,2020-06-02T10:16:24Z,_2,6
7736,distributeBW,2020-06-02T10:16:24Z,_12,6
7736,distributeBW,2020-06-02T10:16:24Z,_8,26
7737,distributeBW,2020-06-02T10:16:24Z,pid,_19
7737,distributeBW,2020-06-02T10:16:24Z,resource,20
7737,distributeBW,2020-06-02T10:16:24Z,round,2
7737,distributeBW,2020-06-02T10:16:24Z,_17,20
7738,distributeBW,2020-06-02T10:16:24Z,pid,_18
7738,distributeBW,2020-06-02T10:16:24Z,resource,51
7738,distributeBW,2020-06-02T10:16:24Z,round,2
7738,distributeBW,2020-06-02T10:16:24Z,_15,16
7738,distributeBW,2020-06-02T10:16:24Z,_3,11
7738,distributeBW,2020-06-02T10:16:24Z,_10,20
7739,distributeBW,2020-06-02T10:16:24Z,pid,_1
7739,distributeBW,2020-06-02T10:16:24Z,resource,27
7739,distributeBW,2020-06-02T10:16:24Z,round,2
7739,distributeBW,2020-06-02T10:16:24Z,_11,10
7739,distributeBW,2020-06-02T10:16:24Z,_9,11
7739,distributeBW,2020-06-02T10:16:24Z,_12,3
7740,distributeBW,2020-06-02T10:16:24Z,pid,_2
7740,distributeBW,2020-06-02T10:16:24Z,resource,31
7740,distributeBW,2020-06-02T10:16:24Z,round,2
7740,distributeBW,2020-06-02T10:16:24Z,_6,4
7740,distributeBW,2020-06-02T10:16:24Z,_4,6
7740,distributeBW,2020-06-02T10:16:24Z,_12,2
7740,distributeBW,2020-06-02T10:16:24Z,_16,6
7740,distributeBW,2020-06-02T10:16:24Z,_8,8
7745,distributeBW,2020-06-02T10:16:24Z,pid,_3
7745,distributeBW,2020-06-02T10:16:24Z,resource,47
7745,distributeBW,2020-06-02T10:16:24Z,round,2
7745,distributeBW,2020-06-02T10:16:24Z,_18,13
7745,distributeBW,2020-06-02T10:16:24Z,_6,8
7745,distributeBW,2020-06-02T10:16:24Z,_4,13
7745,distributeBW,2020-06-02T10:16:24Z,_15,8
7746,distributeBW,2020-06-02T10:16:24Z,pid,_4
7746,distributeBW,2020-06-02T10:16:24Z,resource,25
7746,distributeBW,2020-06-02T10:16:24Z,round,2
7746,distributeBW,2020-06-02T10:16:24Z,_6,11
7746,distributeBW,2020-06-02T10:16:24Z,_2,5
7746,distributeBW,2020-06-02T10:16:24Z,_3,7
7747,distributeBW,2020-06-02T10:16:24Z,pid,_5
7747,distributeBW,2020-06-02T10:16:24Z,resource,25
7747,distributeBW,2020-06-02T10:16:24Z,round,2
7747,distributeBW,2020-06-02T10:16:24Z,_7,15
7747,distributeBW,2020-06-02T10:16:24Z,_17,9
7748,distributeBW,2020-06-02T10:16:24Z,pid,_6
7748,distributeBW,2020-06-02T10:16:24Z,resource,49
7748,distributeBW,2020-06-02T10:16:24Z,round,2
7748,distributeBW,2020-06-02T10:16:24Z,_2,8
7748,distributeBW,2020-06-02T10:16:24Z,_4,26
7748,distributeBW,2020-06-02T10:16:24Z,_3,12
7749,distributeBW,2020-06-02T10:16:24Z,pid,_7
7749,distributeBW,2020-06-02T10:16:24Z,resource,24
7749,distributeBW,2020-06-02T10:16:24Z,round,2
7749,distributeBW,2020-06-02T10:16:24Z,_5,14
7749,distributeBW,2020-06-02T10:16:24Z,_17,8
7750,distributeBW,2020-06-02T10:16:24Z,_12,8
7750,distributeBW,2020-06-02T10:16:24Z,_16,27
7750,distributeBW,2020-06-02T10:16:24Z,_2,8
7750,distributeBW,2020-06-02T10:16:24Z,pid,_8
7750,distributeBW,2020-06-02T10:16:24Z,resource,46
7750,distributeBW,2020-06-02T10:16:24Z,round,2
7751,distributeBW,2020-06-02T10:16:24Z,pid,_9
7751,distributeBW,2020-06-02T10:16:24Z,resource,49
7751,distributeBW,2020-06-02T10:16:24Z,round,2
7751,distributeBW,2020-06-02T10:16:24Z,_1,8
7751,distributeBW,2020-06-02T10:16:24Z,_11,7
7751,distributeBW,2020-06-02T10:16:24Z,_13,28
7751,distributeBW,2020-06-02T10:16:24Z,_12,2
7752,distributeBW,2020-06-02T10:16:24Z,pid,_11
7752,distributeBW,2020-06-02T10:16:24Z,resource,41
7752,distributeBW,2020-06-02T10:16:24Z,round,2
7752,distributeBW,2020-06-02T10:16:24Z,_1,21
7752,distributeBW,2020-06-02T10:16:24Z,_9,19
7753,distributeBW,2020-06-02T10:16:24Z,pid,_10
7753,distributeBW,2020-06-02T10:16:24Z,resource,24
7753,distributeBW,2020-06-02T10:16:24Z,round,2
7753,distributeBW,2020-06-02T10:16:24Z,human1,4
7753,distributeBW,2020-06-02T10:16:24Z,_18,5
7753,distributeBW,2020-06-02T10:16:24Z,_15,3
7753,distributeBW,2020-06-02T10:16:24Z,_14,7
7754,distributeBW,2020-06-02T10:16:43Z,pid,human1
7754,distributeBW,2020-06-02T10:16:43Z,resource,24
7754,distributeBW,2020-06-02T10:16:43Z,round,2
7754,distributeBW,2020-06-02T10:16:43Z,_17,9
7754,distributeBW,2020-06-02T10:16:43Z,_10,15
7755,resultStepStart,2020-06-02T10:16:47Z,startStep,resultStep
7756,ResultStart,2020-06-02T10:16:47Z,round,2
7757,ResultConfirmed,2020-06-02T10:16:47Z,pid,_13
7757,ResultConfirmed,2020-06-02T10:16:47Z,round,2
7757,ResultConfirmed,2020-06-02T10:16:47Z,received,28
7758,ResultConfirmed,2020-06-02T10:16:47Z,pid,_12
7758,ResultConfirmed,2020-06-02T10:16:47Z,round,2
7758,ResultConfirmed,2020-06-02T10:16:47Z,received,21
7759,ResultConfirmed,2020-06-02T10:16:47Z,pid,_15
7759,ResultConfirmed,2020-06-02T10:16:47Z,round,2
7759,ResultConfirmed,2020-06-02T10:16:47Z,received,27
7760,ResultConfirmed,2020-06-02T10:16:47Z,pid,_14
7760,ResultConfirmed,2020-06-02T10:16:47Z,round,2
7760,ResultConfirmed,2020-06-02T10:16:47Z,received,11
7741,ResultConfirmed,2020-06-02T10:16:47Z,pid,_17
7741,ResultConfirmed,2020-06-02T10:16:47Z,round,2
7741,ResultConfirmed,2020-06-02T10:16:47Z,received,56
7742,ResultConfirmed,2020-06-02T10:16:47Z,pid,_16
7742,ResultConfirmed,2020-06-02T10:16:47Z,round,2
7742,ResultConfirmed,2020-06-02T10:16:47Z,received,39
7743,ResultConfirmed,2020-06-02T10:16:47Z,round,2
7743,ResultConfirmed,2020-06-02T10:16:47Z,received,6
7743,ResultConfirmed,2020-06-02T10:16:47Z,pid,_19
7744,ResultConfirmed,2020-06-02T10:16:47Z,pid,_18
7744,ResultConfirmed,2020-06-02T10:16:47Z,round,2
7744,ResultConfirmed,2020-06-02T10:16:47Z,received,37
7777,ResultConfirmed,2020-06-02T10:16:47Z,pid,_1
7777,ResultConfirmed,2020-06-02T10:16:47Z,round,2
7777,ResultConfirmed,2020-06-02T10:16:47Z,received,35
7778,ResultConfirmed,2020-06-02T10:16:47Z,pid,_2
7778,ResultConfirmed,2020-06-02T10:16:47Z,round,2
7778,ResultConfirmed,2020-06-02T10:16:47Z,received,28
7779,ResultConfirmed,2020-06-02T10:16:47Z,pid,_3
7779,ResultConfirmed,2020-06-02T10:16:47Z,round,2
7779,ResultConfirmed,2020-06-02T10:16:47Z,received,39
7780,ResultConfirmed,2020-06-02T10:16:47Z,pid,_4
7780,ResultConfirmed,2020-06-02T10:16:47Z,round,2
7780,ResultConfirmed,2020-06-02T10:16:47Z,received,45
7761,ResultConfirmed,2020-06-02T10:16:47Z,pid,_5
7761,ResultConfirmed,2020-06-02T10:16:47Z,round,2
7761,ResultConfirmed,2020-06-02T10:16:47Z,received,16
7762,ResultConfirmed,2020-06-02T10:16:47Z,pid,_6
7762,ResultConfirmed,2020-06-02T10:16:47Z,round,2
7762,ResultConfirmed,2020-06-02T10:16:47Z,received,23
7763,ResultConfirmed,2020-06-02T10:16:47Z,pid,_7
7763,ResultConfirmed,2020-06-02T10:16:47Z,round,2
7763,ResultConfirmed,2020-06-02T10:16:47Z,received,17
7764,ResultConfirmed,2020-06-02T10:16:47Z,pid,_8
7764,ResultConfirmed,2020-06-02T10:16:47Z,round,2
7764,ResultConfirmed,2020-06-02T10:16:47Z,received,41
7765,ResultConfirmed,2020-06-02T10:16:47Z,pid,_9
7765,ResultConfirmed,2020-06-02T10:16:47Z,round,2
7765,ResultConfirmed,2020-06-02T10:16:47Z,received,57
7766,ResultConfirmed,2020-06-02T10:16:47Z,pid,_11
7766,ResultConfirmed,2020-06-02T10:16:47Z,round,2
7766,ResultConfirmed,2020-06-02T10:16:47Z,received,17
7767,ResultConfirmed,2020-06-02T10:16:47Z,pid,human1
7767,ResultConfirmed,2020-06-02T10:16:47Z,round,2
7767,ResultConfirmed,2020-06-02T10:16:47Z,received,7
7768,ResultConfirmed,2020-06-02T10:16:47Z,pid,_10
7768,ResultConfirmed,2020-06-02T10:16:47Z,round,2
7768,ResultConfirmed,2020-06-02T10:16:47Z,received,65
7769,ShareStart,2020-06-02T10:16:48Z,round,3
7770,distributeBW,2020-06-02T10:16:48Z,pid,_13
7770,distributeBW,2020-06-02T10:16:48Z,resource,87
7770,distributeBW,2020-06-02T10:16:48Z,round,3
7770,distributeBW,2020-06-02T10:16:48Z,_9,42
7771,distributeBW,2020-06-02T10:16:48Z,pid,_12
7771,distributeBW,2020-06-02T10:16:48Z,resource,94
7771,distributeBW,2020-06-02T10:16:48Z,round,3
7771,distributeBW,2020-06-02T10:16:48Z,_1,6
7771,distributeBW,2020-06-02T10:16:48Z,_2,4
7771,distributeBW,2020-06-02T10:16:48Z,_9,4
7771,distributeBW,2020-06-02T10:16:48Z,_8,18
7771,distributeBW,2020-06-02T10:16:48Z,_16,13
7772,distributeBW,2020-06-02T10:16:48Z,round,3
7772,distributeBW,2020-06-02T10:16:48Z,_10,2
7772,distributeBW,2020-06-02T10:16:48Z,_18,14
7772,distributeBW,2020-06-02T10:16:48Z,_3,7
7772,distributeBW,2020-06-02T10:16:48Z,pid,_15
7772,distributeBW,2020-06-02T10:16:48Z,resource,70
7773,distributeBW,2020-06-02T10:16:48Z,pid,_14
7773,distributeBW,2020-06-02T10:16:48Z,resource,50
7773,distributeBW,2020-06-02T10:16:48Z,round,3
7773,distributeBW,2020-06-02T10:16:48Z,_17,7
7773,distributeBW,2020-06-02T10:16:48Z,_10,14
7774,distributeBW,2020-06-02T10:16:48Z,pid,_17
7774,distributeBW,2020-06-02T10:16:48Z,resource,72
7774,distributeBW,2020-06-02T10:16:48Z,round,3
7774,distributeBW,2020-06-02T10:16:48Z,_7,3
7774,distributeBW,2020-06-02T10:16:48Z,_19,7
7774,distributeBW,2020-06-02T10:16:48Z,_5,3
7774,distributeBW,2020-06-02T10:16:48Z,human1,3
7774,distributeBW,2020-06-02T10:16:48Z,_14,3
7775,distributeBW,2020-06-02T10:16:49Z,pid,_16
7775,distributeBW,2020-06-02T10:16:49Z,resource,92
7775,distributeBW,2020-06-02T10:16:49Z,round,3
7775,distributeBW,2020-06-02T10:16:49Z,_2,6
7775,distributeBW,2020-06-02T10:16:49Z,_12,6
7775,distributeBW,2020-06-02T10:16:49Z,_8,27
7776,distributeBW,2020-06-02T10:16:49Z,pid,_19
7776,distributeBW,2020-06-02T10:16:49Z,resource,54
7776,distributeBW,2020-06-02T10:16:49Z,round,3
7776,distributeBW,2020-06-02T10:16:49Z,_17,28
7781,distributeBW,2020-06-02T10:16:49Z,pid,_18
7781,distributeBW,2020-06-02T10:16:49Z,resource,74
7781,distributeBW,2020-06-02T10:16:49Z,round,3
7781,distributeBW,2020-06-02T10:16:49Z,_15,11
7781,distributeBW,2020-06-02T10:16:49Z,_3,7
7781,distributeBW,2020-06-02T10:16:49Z,_10,2
7782,distributeBW,2020-06-02T10:16:49Z,pid,_1
7782,distributeBW,2020-06-02T10:16:49Z,resource,72
7782,distributeBW,2020-06-02T10:16:49Z,round,3
7782,distributeBW,2020-06-02T10:16:49Z,_11,13
7782,distributeBW,2020-06-02T10:16:49Z,_9,5
7782,distributeBW,2020-06-02T10:16:49Z,_12,3
7783,distributeBW,2020-06-02T10:16:49Z,pid,_2
7783,distributeBW,2020-06-02T10:16:49Z,resource,91
7783,distributeBW,2020-06-02T10:16:49Z,round,3
7783,distributeBW,2020-06-02T10:16:49Z,_6,12
7783,distributeBW,2020-06-02T10:16:49Z,_4,8
7783,distributeBW,2020-06-02T10:16:49Z,_12,1
7783,distributeBW,2020-06-02T10:16:49Z,_16,9
7783,distributeBW,2020-06-02T10:16:49Z,_8,12
7784,distributeBW,2020-06-02T10:16:49Z,resource,97
7784,distributeBW,2020-06-02T10:16:49Z,round,3
7784,distributeBW,2020-06-02T10:16:49Z,_18,13
7784,distributeBW,2020-06-02T10:16:49Z,_6,14
7784,distributeBW,2020-06-02T10:16:49Z,pid,_3
7784,distributeBW,2020-06-02T10:16:49Z,_4,8
7784,distributeBW,2020-06-02T10:16:49Z,_15,10
7785,distributeBW,2020-06-02T10:16:49Z,round,3
7785,distributeBW,2020-06-02T10:16:49Z,_6,13
7785,distributeBW,2020-06-02T10:16:49Z,_2,3
7785,distributeBW,2020-06-02T10:16:49Z,_3,6
7785,distributeBW,2020-06-02T10:16:49Z,pid,_4
7785,distributeBW,2020-06-02T10:16:49Z,resource,72
7786,distributeBW,2020-06-02T10:16:49Z,pid,_5
7786,distributeBW,2020-06-02T10:16:49Z,resource,47
7786,distributeBW,2020-06-02T10:16:49Z,round,3
7786,distributeBW,2020-06-02T10:16:49Z,_7,20
7786,distributeBW,2020-06-02T10:16:49Z,_17,2
7787,distributeBW,2020-06-02T10:16:49Z,pid,_6
7787,distributeBW,2020-06-02T10:16:49Z,resource,51
7787,distributeBW,2020-06-02T10:16:49Z,round,3
7787,distributeBW,2020-06-02T10:16:49Z,_2,4
7787,distributeBW,2020-06-02T10:16:49Z,_4,11
7787,distributeBW,2020-06-02T10:16:49Z,_3,8
7788,distributeBW,2020-06-02T10:16:49Z,pid,_7
7788,distributeBW,2020-06-02T10:16:49Z,resource,86
7788,distributeBW,2020-06-02T10:16:49Z,round,3
7788,distributeBW,2020-06-02T10:16:49Z,_5,38
7788,distributeBW,2020-06-02T10:16:49Z,_17,5
7789,distributeBW,2020-06-02T10:16:49Z,pid,_8
7789,distributeBW,2020-06-02T10:16:49Z,resource,49
7789,distributeBW,2020-06-02T10:16:49Z,round,3
7789,distributeBW,2020-06-02T10:16:49Z,_12,3
7789,distributeBW,2020-06-02T10:16:49Z,_16,13
7789,distributeBW,2020-06-02T10:16:49Z,_2,4
7790,distributeBW,2020-06-02T10:16:49Z,pid,_9
7790,distributeBW,2020-06-02T10:16:49Z,resource,64
7790,distributeBW,2020-06-02T10:16:49Z,round,3
7790,distributeBW,2020-06-02T10:16:49Z,_1,7
7790,distributeBW,2020-06-02T10:16:49Z,_11,13
7790,distributeBW,2020-06-02T10:16:49Z,_13,15
7790,distributeBW,2020-06-02T10:16:49Z,_12,3
7791,distributeBW,2020-06-02T10:16:49Z,pid,_11
7791,distributeBW,2020-06-02T10:16:49Z,resource,92
7791,distributeBW,2020-06-02T10:16:49Z,round,3
7791,distributeBW,2020-06-02T10:16:49Z,_1,25
7791,distributeBW,2020-06-02T10:16:49Z,_9,17
7792,distributeBW,2020-06-02T10:16:49Z,pid,_10
7792,distributeBW,2020-06-02T10:16:49Z,resource,61
7792,distributeBW,2020-06-02T10:16:49Z,round,3
7792,distributeBW,2020-06-02T10:16:49Z,human1,6
7792,distributeBW,2020-06-02T10:16:49Z,_18,8
7792,distributeBW,2020-06-02T10:16:49Z,_15,6
7792,distributeBW,2020-06-02T10:16:49Z,_14,6
7793,distributeBW,2020-06-02T10:17:00Z,_17,5
7793,distributeBW,2020-06-02T10:17:00Z,_10,5
7793,distributeBW,2020-06-02T10:17:00Z,pid,human1
7793,distributeBW,2020-06-02T10:17:00Z,resource,20
7793,distributeBW,2020-06-02T10:17:00Z,round,3
7794,resultStepStart,2020-06-02T10:17:04Z,startStep,resultStep
7795,ResultStart,2020-06-02T10:17:04Z,round,3
7796,ResultConfirmed,2020-06-02T10:17:04Z,pid,_13
7796,ResultConfirmed,2020-06-02T10:17:04Z,round,3
7796,ResultConfirmed,2020-06-02T10:17:04Z,received,15
7797,ResultConfirmed,2020-06-02T10:17:04Z,pid,_12
7797,ResultConfirmed,2020-06-02T10:17:04Z,round,3
7797,ResultConfirmed,2020-06-02T10:17:04Z,received,16
7798,ResultConfirmed,2020-06-02T10:17:04Z,pid,_15
7798,ResultConfirmed,2020-06-02T10:17:04Z,round,3
7798,ResultConfirmed,2020-06-02T10:17:04Z,received,27
7799,ResultConfirmed,2020-06-02T10:17:04Z,pid,_14
7799,ResultConfirmed,2020-06-02T10:17:04Z,round,3
7799,ResultConfirmed,2020-06-02T10:17:04Z,received,9
7800,ResultConfirmed,2020-06-02T10:17:04Z,pid,_17
7800,ResultConfirmed,2020-06-02T10:17:04Z,round,3
7800,ResultConfirmed,2020-06-02T10:17:04Z,received,47
7809,ResultConfirmed,2020-06-02T10:17:04Z,pid,_16
7809,ResultConfirmed,2020-06-02T10:17:04Z,round,3
7809,ResultConfirmed,2020-06-02T10:17:04Z,received,35
7810,ResultConfirmed,2020-06-02T10:17:04Z,pid,_19
7810,ResultConfirmed,2020-06-02T10:17:04Z,round,3
7810,ResultConfirmed,2020-06-02T10:17:04Z,received,7
7811,ResultConfirmed,2020-06-02T10:17:04Z,pid,_18
7811,ResultConfirmed,2020-06-02T10:17:04Z,round,3
7811,ResultConfirmed,2020-06-02T10:17:04Z,received,35
7812,ResultConfirmed,2020-06-02T10:17:04Z,pid,_1
7812,ResultConfirmed,2020-06-02T10:17:04Z,round,3
7812,ResultConfirmed,2020-06-02T10:17:04Z,received,38
7813,ResultConfirmed,2020-06-02T10:17:04Z,pid,_2
7813,ResultConfirmed,2020-06-02T10:17:04Z,round,3
7813,ResultConfirmed,2020-06-02T10:17:04Z,received,21
7814,ResultConfirmed,2020-06-02T10:17:04Z,pid,_3
7814,ResultConfirmed,2020-06-02T10:17:04Z,round,3
7814,ResultConfirmed,2020-06-02T10:17:04Z,received,28
7815,ResultConfirmed,2020-06-02T10:17:04Z,pid,_4
7815,ResultConfirmed,2020-06-02T10:17:04Z,round,3
7815,ResultConfirmed,2020-06-02T10:17:04Z,received,27
7816,ResultConfirmed,2020-06-02T10:17:04Z,pid,_5
7816,ResultConfirmed,2020-06-02T10:17:04Z,round,3
7816,ResultConfirmed,2020-06-02T10:17:04Z,received,41
7817,ResultConfirmed,2020-06-02T10:17:04Z,pid,_6
7817,ResultConfirmed,2020-06-02T10:17:04Z,round,3
7817,ResultConfirmed,2020-06-02T10:17:04Z,received,39
7818,ResultConfirmed,2020-06-02T10:17:04Z,pid,_7
7818,ResultConfirmed,2020-06-02T10:17:04Z,round,3
7818,ResultConfirmed,2020-06-02T10:17:04Z,received,23
7819,ResultConfirmed,2020-06-02T10:17:04Z,pid,_8
7819,ResultConfirmed,2020-06-02T10:17:04Z,round,3
7819,ResultConfirmed,2020-06-02T10:17:04Z,received,57
7820,ResultConfirmed,2020-06-02T10:17:04Z,pid,_9
7820,ResultConfirmed,2020-06-02T10:17:04Z,round,3
7820,ResultConfirmed,2020-06-02T10:17:04Z,received,68
7801,ResultConfirmed,2020-06-02T10:17:04Z,round,3
7801,ResultConfirmed,2020-06-02T10:17:04Z,received,26
7801,ResultConfirmed,2020-06-02T10:17:04Z,pid,_11
7802,ResultConfirmed,2020-06-02T10:17:04Z,pid,human1
7802,ResultConfirmed,2020-06-02T10:17:04Z,round,3
7802,ResultConfirmed,2020-06-02T10:17:04Z,received,9
7803,ResultConfirmed,2020-06-02T10:17:04Z,pid,_10
7803,ResultConfirmed,2020-06-02T10:17:04Z,round,3
7803,ResultConfirmed,2020-06-02T10:17:04Z,received,23
7804,ShareStart,2020-06-02T10:17:05Z,round,4
7805,distributeBW,2020-06-02T10:17:05Z,pid,_13
7805,distributeBW,2020-06-02T10:17:05Z,resource,129
7805,distributeBW,2020-06-02T10:17:05Z,round,4
7805,distributeBW,2020-06-02T10:17:05Z,_9,41
7806,distributeBW,2020-06-02T10:17:05Z,pid,_12
7806,distributeBW,2020-06-02T10:17:05Z,resource,121
7806,distributeBW,2020-06-02T10:17:05Z,round,4
7806,distributeBW,2020-06-02T10:17:05Z,_1,5
7806,distributeBW,2020-06-02T10:17:05Z,_2,1
7806,distributeBW,2020-06-02T10:17:05Z,_9,5
7806,distributeBW,2020-06-02T10:17:05Z,_8,5
7806,distributeBW,2020-06-02T10:17:05Z,_16,10
7807,distributeBW,2020-06-02T10:17:05Z,pid,_15
7807,distributeBW,2020-06-02T10:17:05Z,resource,137
7807,distributeBW,2020-06-02T10:17:05Z,round,4
7807,distributeBW,2020-06-02T10:17:05Z,_10,10
7807,distributeBW,2020-06-02T10:17:05Z,_18,19
7807,distributeBW,2020-06-02T10:17:05Z,_3,17
7808,distributeBW,2020-06-02T10:17:05Z,pid,_14
7808,distributeBW,2020-06-02T10:17:05Z,resource,78
7808,distributeBW,2020-06-02T10:17:05Z,round,4
7808,distributeBW,2020-06-02T10:17:05Z,_17,7
7808,distributeBW,2020-06-02T10:17:05Z,_10,15
7821,distributeBW,2020-06-02T10:17:05Z,pid,_17
7821,distributeBW,2020-06-02T10:17:05Z,resource,121
7821,distributeBW,2020-06-02T10:17:05Z,round,4
7821,distributeBW,2020-06-02T10:17:05Z,_7,4
7821,distributeBW,2020-06-02T10:17:05Z,_19,25
7821,distributeBW,2020-06-02T10:17:05Z,_5,1
7821,distributeBW,2020-06-02T10:17:05Z,human1,4
7821,distributeBW,2020-06-02T10:17:05Z,_14,6
7822,distributeBW,2020-06-02T10:17:05Z,pid,_16
7822,distributeBW,2020-06-02T10:17:05Z,resource,141
7822,distributeBW,2020-06-02T10:17:05Z,round,4
7822,distributeBW,2020-06-02T10:17:05Z,_2,11
7822,distributeBW,2020-06-02T10:17:05Z,_12,16
7822,distributeBW,2020-06-02T10:17:05Z,_8,16
7823,distributeBW,2020-06-02T10:17:05Z,round,4
7823,distributeBW,2020-06-02T10:17:05Z,_17,48
7823,distributeBW,2020-06-02T10:17:05Z,pid,_19
7823,distributeBW,2020-06-02T10:17:05Z,resource,123
7824,distributeBW,2020-06-02T10:17:05Z,pid,_18
7824,distributeBW,2020-06-02T10:17:05Z,resource,120
7824,distributeBW,2020-06-02T10:17:05Z,round,4
7824,distributeBW,2020-06-02T10:17:05Z,_15,10
7824,distributeBW,2020-06-02T10:17:05Z,_3,9
7824,distributeBW,2020-06-02T10:17:05Z,_10,5
7825,distributeBW,2020-06-02T10:17:05Z,pid,_1
7825,distributeBW,2020-06-02T10:17:05Z,resource,139
7825,distributeBW,2020-06-02T10:17:05Z,round,4
7825,distributeBW,2020-06-02T10:17:05Z,_11,27
7825,distributeBW,2020-06-02T10:17:05Z,_9,7
7825,distributeBW,2020-06-02T10:17:05Z,_12,6
7826,distributeBW,2020-06-02T10:17:05Z,pid,_2
7826,distributeBW,2020-06-02T10:17:05Z,resource,125
7826,distributeBW,2020-06-02T10:17:05Z,round,4
7826,distributeBW,2020-06-02T10:17:05Z,_6,5
7826,distributeBW,2020-06-02T10:17:05Z,_4,4
7826,distributeBW,2020-06-02T10:17:05Z,_12,5
7826,distributeBW,2020-06-02T10:17:05Z,_16,7
7826,distributeBW,2020-06-02T10:17:05Z,_8,5
7827,distributeBW,2020-06-02T10:17:05Z,pid,_3
7827,distributeBW,2020-06-02T10:17:05Z,resource,121
7827,distributeBW,2020-06-02T10:17:05Z,round,4
7827,distributeBW,2020-06-02T10:17:05Z,_18,11
7827,distributeBW,2020-06-02T10:17:05Z,_6,13
7827,distributeBW,2020-06-02T10:17:05Z,_4,9
7827,distributeBW,2020-06-02T10:17:05Z,_15,11
7828,distributeBW,2020-06-02T10:17:05Z,pid,_4
7828,distributeBW,2020-06-02T10:17:05Z,resource,119
7828,distributeBW,2020-06-02T10:17:05Z,round,4
7828,distributeBW,2020-06-02T10:17:05Z,_6,19
7828,distributeBW,2020-06-02T10:17:05Z,_2,14
7828,distributeBW,2020-06-02T10:17:05Z,_3,14
7829,distributeBW,2020-06-02T10:17:05Z,pid,_5
7829,distributeBW,2020-06-02T10:17:05Z,resource,110
7829,distributeBW,2020-06-02T10:17:05Z,round,4
7829,distributeBW,2020-06-02T10:17:05Z,_7,40
7829,distributeBW,2020-06-02T10:17:05Z,_17,3
7830,distributeBW,2020-06-02T10:17:05Z,pid,_6
7830,distributeBW,2020-06-02T10:17:05Z,resource,119
7830,distributeBW,2020-06-02T10:17:05Z,round,4
7830,distributeBW,2020-06-02T10:17:05Z,_2,15
7830,distributeBW,2020-06-02T10:17:05Z,_4,16
7830,distributeBW,2020-06-02T10:17:05Z,_3,17
7831,distributeBW,2020-06-02T10:17:05Z,pid,_7
7831,distributeBW,2020-06-02T10:17:05Z,resource,134
7831,distributeBW,2020-06-02T10:17:05Z,round,4
7831,distributeBW,2020-06-02T10:17:05Z,_5,40
7831,distributeBW,2020-06-02T10:17:05Z,_17,6
7832,distributeBW,2020-06-02T10:17:05Z,_2,5
7832,distributeBW,2020-06-02T10:17:05Z,pid,_8
7832,distributeBW,2020-06-02T10:17:05Z,resource,83
7832,distributeBW,2020-06-02T10:17:05Z,round,4
7832,distributeBW,2020-06-02T10:17:05Z,_12,8
7832,distributeBW,2020-06-02T10:17:05Z,_16,12
7833,distributeBW,2020-06-02T10:17:05Z,pid,_9
7833,distributeBW,2020-06-02T10:17:05Z,resource,95
7833,distributeBW,2020-06-02T10:17:05Z,round,4
7833,distributeBW,2020-06-02T10:17:05Z,_1,2
7833,distributeBW,2020-06-02T10:17:05Z,_11,7
7833,distributeBW,2020-06-02T10:17:05Z,_13,17
7833,distributeBW,2020-06-02T10:17:05Z,_12,1
7834,distributeBW,2020-06-02T10:17:05Z,pid,_11
7834,distributeBW,2020-06-02T10:17:05Z,resource,107
7834,distributeBW,2020-06-02T10:17:05Z,round,4
7834,distributeBW,2020-06-02T10:17:05Z,_1,14
7834,distributeBW,2020-06-02T10:17:05Z,_9,14
7835,distributeBW,2020-06-02T10:17:05Z,pid,_10
7835,distributeBW,2020-06-02T10:17:05Z,resource,117
7835,distributeBW,2020-06-02T10:17:05Z,round,4
7835,distributeBW,2020-06-02T10:17:05Z,human1,9
7835,distributeBW,2020-06-02T10:17:05Z,_18,3
7835,distributeBW,2020-06-02T10:17:05Z,_15,3
7835,distributeBW,2020-06-02T10:17:05Z,_14,25
7836,distributeBW,2020-06-02T10:17:11Z,pid,human1
7836,distributeBW,2020-06-02T10:17:11Z,resource,36
7836,distributeBW,2020-06-02T10:17:11Z,round,4
7836,distributeBW,2020-06-02T10:17:11Z,_17,10
7836,distributeBW,2020-06-02T10:17:11Z,_10,20
7837,resultStepStart,2020-06-02T10:17:15Z,startStep,resultStep
7838,ResultStart,2020-06-02T10:17:15Z,round,4
7839,ResultConfirmed,2020-06-02T10:17:15Z,pid,_13
7839,ResultConfirmed,2020-06-02T10:17:15Z,round,4
7839,ResultConfirmed,2020-06-02T10:17:15Z,received,17
7840,ResultConfirmed,2020-06-02T10:17:15Z,pid,_12
7840,ResultConfirmed,2020-06-02T10:17:15Z,round,4
7840,ResultConfirmed,2020-06-02T10:17:15Z,received,36
7841,ResultConfirmed,2020-06-02T10:17:15Z,pid,_15
7841,ResultConfirmed,2020-06-02T10:17:15Z,round,4
7841,ResultConfirmed,2020-06-02T10:17:15Z,received,24
7842,ResultConfirmed,2020-06-02T10:17:15Z,pid,_14
7842,ResultConfirmed,2020-06-02T10:17:15Z,round,4
7842,ResultConfirmed,2020-06-02T10:17:15Z,received,31
7843,ResultConfirmed,2020-06-02T10:17:15Z,pid,_17
7843,ResultConfirmed,2020-06-02T10:17:15Z,round,4
7843,ResultConfirmed,2020-06-02T10:17:15Z,received,74
7844,ResultConfirmed,2020-06-02T10:17:15Z,pid,_16
7844,ResultConfirmed,2020-06-02T10:17:15Z,round,4
7844,ResultConfirmed,2020-06-02T10:17:15Z,received,29
7845,ResultConfirmed,2020-06-02T10:17:15Z,pid,_19
7845,ResultConfirmed,2020-06-02T10:17:15Z,round,4
7845,ResultConfirmed,2020-06-02T10:17:15Z,received,25
7846,ResultConfirmed,2020-06-02T10:17:15Z,pid,_18
7846,ResultConfirmed,2020-06-02T10:17:15Z,round,4
7846,ResultConfirmed,2020-06-02T10:17:15Z,received,33
7847,ResultConfirmed,2020-06-02T10:17:15Z,pid,_1
7847,ResultConfirmed,2020-06-02T10:17:15Z,round,4
7847,ResultConfirmed,2020-06-02T10:17:15Z,received,21
7848,ResultConfirmed,2020-06-02T10:17:15Z,received,46
7848,ResultConfirmed,2020-06-02T10:17:15Z,pid,_2
7848,ResultConfirmed,2020-06-02T10:17:15Z,round,4
7849,ResultConfirmed,2020-06-02T10:17:15Z,pid,_3
7849,ResultConfirmed,2020-06-02T10:17:15Z,round,4
7849,ResultConfirmed,2020-06-02T10:17:15Z,received,57
7850,ResultConfirmed,2020-06-02T10:17:15Z,pid,_4
7850,ResultConfirmed,2020-06-02T10:17:15Z,round,4
7850,ResultConfirmed,2020-06-02T10:17:15Z,received,29
7851,ResultConfirmed,2020-06-02T10:17:15Z,pid,_5
7851,ResultConfirmed,2020-06-02T10:17:15Z,round,4
7851,ResultConfirmed,2020-06-02T10:17:15Z,received,41
7852,ResultConfirmed,2020-06-02T10:17:15Z,pid,_6
7852,ResultConfirmed,2020-06-02T10:17:15Z,round,4
7852,ResultConfirmed,2020-06-02T10:17:15Z,received,37
7853,ResultConfirmed,2020-06-02T10:17:15Z,pid,_7
7853,ResultConfirmed,2020-06-02T10:17:15Z,round,4
7853,ResultConfirmed,2020-06-02T10:17:15Z,received,44
7854,ResultConfirmed,2020-06-02T10:17:15Z,pid,_8
7854,ResultConfirmed,2020-06-02T10:17:15Z,round,4
7854,ResultConfirmed,2020-06-02T10:17:15Z,received,26
7855,ResultConfirmed,2020-06-02T10:17:15Z,pid,_9
7855,ResultConfirmed,2020-06-02T10:17:15Z,round,4
7855,ResultConfirmed,2020-06-02T10:17:15Z,received,67
7856,ResultConfirmed,2020-06-02T10:17:15Z,pid,_11
7856,ResultConfirmed,2020-06-02T10:17:15Z,round,4
7856,ResultConfirmed,2020-06-02T10:17:15Z,received,34
7857,ResultConfirmed,2020-06-02T10:17:15Z,pid,human1
7857,ResultConfirmed,2020-06-02T10:17:15Z,round,4
7857,ResultConfirmed,2020-06-02T10:17:15Z,received,13
7858,ResultConfirmed,2020-06-02T10:17:15Z,pid,_10
7858,ResultConfirmed,2020-06-02T10:17:15Z,round,4
7858,ResultConfirmed,2020-06-02T10:17:15Z,received,50
7859,ShareStart,2020-06-02T10:17:17Z,round,5
7860,distributeBW,2020-06-02T10:17:17Z,pid,_13
7860,distributeBW,2020-06-02T10:17:17Z,resource,174
7860,distributeBW,2020-06-02T10:17:17Z,round,5
7860,distributeBW,2020-06-02T10:17:17Z,_9,42
7873,distributeBW,2020-06-02T10:17:17Z,pid,_12
7873,distributeBW,2020-06-02T10:17:17Z,resource,144
7873,distributeBW,2020-06-02T10:17:17Z,round,5
7873,distributeBW,2020-06-02T10:17:17Z,_1,3
7873,distributeBW,2020-06-02T10:17:17Z,_2,2
7873,distributeBW,2020-06-02T10:17:17Z,_9,0
7873,distributeBW,2020-06-02T10:17:17Z,_8,4
7873,distributeBW,2020-06-02T10:17:17Z,_16,8
7874,distributeBW,2020-06-02T10:17:17Z,_18,8
7874,distributeBW,2020-06-02T10:17:17Z,_3,9
7874,distributeBW,2020-06-02T10:17:17Z,pid,_15
7874,distributeBW,2020-06-02T10:17:17Z,resource,135
7874,distributeBW,2020-06-02T10:17:17Z,round,5
7874,distributeBW,2020-06-02T10:17:17Z,_10,2
7875,distributeBW,2020-06-02T10:17:17Z,pid,_14
7875,distributeBW,2020-06-02T10:17:17Z,resource,138
7875,distributeBW,2020-06-02T10:17:17Z,round,5
7875,distributeBW,2020-06-02T10:17:17Z,_17,7
7875,distributeBW,2020-06-02T10:17:17Z,_10,33
7876,distributeBW,2020-06-02T10:17:17Z,resource,152
7876,distributeBW,2020-06-02T10:17:17Z,round,5
7876,distributeBW,2020-06-02T10:17:17Z,_7,1
7876,distributeBW,2020-06-02T10:17:17Z,_19,15
7876,distributeBW,2020-06-02T10:17:17Z,_5,0
7876,distributeBW,2020-06-02T10:17:17Z,human1,3
7876,distributeBW,2020-06-02T10:17:17Z,_14,2
7876,distributeBW,2020-06-02T10:17:17Z,pid,_17
7877,distributeBW,2020-06-02T10:17:17Z,pid,_16
7877,distributeBW,2020-06-02T10:17:17Z,resource,188
7877,distributeBW,2020-06-02T10:17:17Z,round,5
7877,distributeBW,2020-06-02T10:17:17Z,_2,9
7877,distributeBW,2020-06-02T10:17:17Z,_12,14
7877,distributeBW,2020-06-02T10:17:17Z,_8,16
7878,distributeBW,2020-06-02T10:17:17Z,pid,_19
7878,distributeBW,2020-06-02T10:17:17Z,resource,153
7878,distributeBW,2020-06-02T10:17:17Z,round,5
7878,distributeBW,2020-06-02T10:17:17Z,_17,29
7879,distributeBW,2020-06-02T10:17:17Z,pid,_18
7879,distributeBW,2020-06-02T10:17:17Z,resource,162
7879,distributeBW,2020-06-02T10:17:17Z,round,5
7879,distributeBW,2020-06-02T10:17:17Z,_15,12
7879,distributeBW,2020-06-02T10:17:17Z,_3,6
7879,distributeBW,2020-06-02T10:17:17Z,_10,1
7880,distributeBW,2020-06-02T10:17:17Z,pid,_1
7880,distributeBW,2020-06-02T10:17:17Z,resource,147
7880,distributeBW,2020-06-02T10:17:17Z,round,5
7880,distributeBW,2020-06-02T10:17:17Z,_11,18
7880,distributeBW,2020-06-02T10:17:17Z,_9,2
7880,distributeBW,2020-06-02T10:17:17Z,_12,6
7861,distributeBW,2020-06-02T10:17:17Z,pid,_2
7861,distributeBW,2020-06-02T10:17:17Z,resource,187
7861,distributeBW,2020-06-02T10:17:17Z,round,5
7861,distributeBW,2020-06-02T10:17:17Z,_6,14
7861,distributeBW,2020-06-02T10:17:17Z,_4,13
7861,distributeBW,2020-06-02T10:17:17Z,_12,0
7861,distributeBW,2020-06-02T10:17:17Z,_16,10
7861,distributeBW,2020-06-02T10:17:17Z,_8,4
7862,distributeBW,2020-06-02T10:17:17Z,pid,_3
7862,distributeBW,2020-06-02T10:17:17Z,resource,148
7862,distributeBW,2020-06-02T10:17:17Z,round,5
7862,distributeBW,2020-06-02T10:17:17Z,_18,7
7862,distributeBW,2020-06-02T10:17:17Z,_6,13
7862,distributeBW,2020-06-02T10:17:17Z,_4,11
7862,distributeBW,2020-06-02T10:17:17Z,_15,13
7863,distributeBW,2020-06-02T10:17:17Z,_2,5
7863,distributeBW,2020-06-02T10:17:17Z,_3,13
7863,distributeBW,2020-06-02T10:17:17Z,pid,_4
7863,distributeBW,2020-06-02T10:17:17Z,resource,144
7863,distributeBW,2020-06-02T10:17:17Z,round,5
7863,distributeBW,2020-06-02T10:17:17Z,_6,23
7864,distributeBW,2020-06-02T10:17:17Z,pid,_5
7864,distributeBW,2020-06-02T10:17:17Z,resource,111
7864,distributeBW,2020-06-02T10:17:17Z,round,5
7864,distributeBW,2020-06-02T10:17:17Z,_7,19
7864,distributeBW,2020-06-02T10:17:17Z,_17,0
7865,distributeBW,2020-06-02T10:17:17Z,pid,_6
7865,distributeBW,2020-06-02T10:17:17Z,resource,160
7865,distributeBW,2020-06-02T10:17:17Z,round,5
7865,distributeBW,2020-06-02T10:17:17Z,_2,5
7865,distributeBW,2020-06-02T10:17:17Z,_4,20
7865,distributeBW,2020-06-02T10:17:17Z,_3,14
7866,distributeBW,2020-06-02T10:17:17Z,pid,_7
7866,distributeBW,2020-06-02T10:17:17Z,resource,135
7866,distributeBW,2020-06-02T10:17:17Z,round,5
7866,distributeBW,2020-06-02T10:17:17Z,_5,21
7866,distributeBW,2020-06-02T10:17:17Z,_17,2
7867,distributeBW,2020-06-02T10:17:17Z,pid,_8
7867,distributeBW,2020-06-02T10:17:17Z,resource,129
7867,distributeBW,2020-06-02T10:17:17Z,round,5
7867,distributeBW,2020-06-02T10:17:17Z,_12,4
7867,distributeBW,2020-06-02T10:17:17Z,_16,16
7867,distributeBW,2020-06-02T10:17:17Z,_2,4
7868,distributeBW,2020-06-02T10:17:17Z,pid,_9
7868,distributeBW,2020-06-02T10:17:17Z,resource,163
7868,distributeBW,2020-06-02T10:17:17Z,round,5
7868,distributeBW,2020-06-02T10:17:17Z,_1,4
7868,distributeBW,2020-06-02T10:17:17Z,_11,9
7868,distributeBW,2020-06-02T10:17:17Z,_13,28
7868,distributeBW,2020-06-02T10:17:17Z,_12,3
7869,distributeBW,2020-06-02T10:17:17Z,pid,_11
7869,distributeBW,2020-06-02T10:17:17Z,resource,122
7869,distributeBW,2020-06-02T10:17:17Z,round,5
7869,distributeBW,2020-06-02T10:17:17Z,_1,18
7869,distributeBW,2020-06-02T10:17:17Z,_9,4
7870,distributeBW,2020-06-02T10:17:17Z,pid,_10
7870,distributeBW,2020-06-02T10:17:17Z,resource,149
7870,distributeBW,2020-06-02T10:17:17Z,round,5
7870,distributeBW,2020-06-02T10:17:17Z,human1,9
7870,distributeBW,2020-06-02T10:17:17Z,_18,2
7870,distributeBW,2020-06-02T10:17:17Z,_15,4
7870,distributeBW,2020-06-02T10:17:17Z,_14,7
7871,distributeBW,2020-06-02T10:17:27Z,pid,human1
7871,distributeBW,2020-06-02T10:17:27Z,resource,50
7871,distributeBW,2020-06-02T10:17:27Z,round,5
7871,distributeBW,2020-06-02T10:17:27Z,_17,10
7871,distributeBW,2020-06-02T10:17:27Z,_10,30
7872,resultStepStart,2020-06-02T10:17:31Z,startStep,resultStep
7881,ResultStart,2020-06-02T10:17:31Z,round,5
7882,ResultConfirmed,2020-06-02T10:17:31Z,pid,_13
7882,ResultConfirmed,2020-06-02T10:17:31Z,round,5
7882,ResultConfirmed,2020-06-02T10:17:31Z,received,28
7883,ResultConfirmed,2020-06-02T10:17:31Z,pid,_12
7883,ResultConfirmed,2020-06-02T10:17:31Z,round,5
7883,ResultConfirmed,2020-06-02T10:17:31Z,received,27
7884,ResultConfirmed,2020-06-02T10:17:31Z,pid,_15
7884,ResultConfirmed,2020-06-02T10:17:31Z,round,5
7884,ResultConfirmed,2020-06-02T10:17:31Z,received,29
7885,ResultConfirmed,2020-06-02T10:17:31Z,pid,_14
7885,ResultConfirmed,2020-06-02T10:17:31Z,round,5
7885,ResultConfirmed,2020-06-02T10:17:31Z,received,9
7886,ResultConfirmed,2020-06-02T10:17:31Z,pid,_17
7886,ResultConfirmed,2020-06-02T10:17:31Z,round,5
7886,ResultConfirmed,2020-06-02T10:17:31Z,received,48
7887,ResultConfirmed,2020-06-02T10:17:31Z,pid,_16
7887,ResultConfirmed,2020-06-02T10:17:31Z,round,5
7887,ResultConfirmed,2020-06-02T10:17:31Z,received,34
7888,ResultConfirmed,2020-06-02T10:17:31Z,pid,_19
7888,ResultConfirmed,2020-06-02T10:17:31Z,round,5
7888,ResultConfirmed,2020-06-02T10:17:31Z,received,15
7889,ResultConfirmed,2020-06-02T10:17:31Z,pid,_18
7889,ResultConfirmed,2020-06-02T10:17:31Z,round,5
7889,ResultConfirmed,2020-06-02T10:17:31Z,received,17
7890,ResultConfirmed,2020-06-02T10:17:31Z,pid,_1
7890,ResultConfirmed,2020-06-02T10:17:31Z,round,5
7890,ResultConfirmed,2020-06-02T10:17:31Z,received,25
7891,ResultConfirmed,2020-06-02T10:17:31Z,pid,_2
7891,ResultConfirmed,2020-06-02T10:17:31Z,round,5
7891,ResultConfirmed,2020-06-02T10:17:31Z,received,25
7892,ResultConfirmed,2020-06-02T10:17:31Z,pid,_3
7892,ResultConfirmed,2020-06-02T10:17:31Z,round,5
7892,ResultConfirmed,2020-06-02T10:17:31Z,received,42
7893,ResultConfirmed,2020-06-02T10:17:31Z,pid,_4
7893,ResultConfirmed,2020-06-02T10:17:31Z,round,5
7893,ResultConfirmed,2020-06-02T10:17:31Z,received,44
7894,ResultConfirmed,2020-06-02T10:17:32Z,pid,_5
7894,ResultConfirmed,2020-06-02T10:17:32Z,round,5
7894,ResultConfirmed,2020-06-02T10:17:32Z,received,21
7895,ResultConfirmed,2020-06-02T10:17:32Z,pid,_6
7895,ResultConfirmed,2020-06-02T10:17:32Z,round,5
7895,ResultConfirmed,2020-06-02T10:17:32Z,received,50
7896,ResultConfirmed,2020-06-02T10:17:32Z,pid,_7
7896,ResultConfirmed,2020-06-02T10:17:32Z,round,5
7896,ResultConfirmed,2020-06-02T10:17:32Z,received,20
7897,ResultConfirmed,2020-06-02T10:17:32Z,pid,_8
7897,ResultConfirmed,2020-06-02T10:17:32Z,round,5
7897,ResultConfirmed,2020-06-02T10:17:32Z,received,24
7898,ResultConfirmed,2020-06-02T10:17:32Z,pid,_9
7898,ResultConfirmed,2020-06-02T10:17:32Z,round,5
7898,ResultConfirmed,2020-06-02T10:17:32Z,received,48
7899,ResultConfirmed,2020-06-02T10:17:32Z,pid,_11
7899,ResultConfirmed,2020-06-02T10:17:32Z,round,5
7899,ResultConfirmed,2020-06-02T10:17:32Z,received,27
7900,ResultConfirmed,2020-06-02T10:17:32Z,pid,human1
7900,ResultConfirmed,2020-06-02T10:17:32Z,round,5
7900,ResultConfirmed,2020-06-02T10:17:32Z,received,12
7905,ResultConfirmed,2020-06-02T10:17:32Z,pid,_10
7905,ResultConfirmed,2020-06-02T10:17:32Z,round,5
7905,ResultConfirmed,2020-06-02T10:17:32Z,received,66
7906,GameEnd,2020-06-02T10:17:33Z,round,5
7907,PlayerBonus,2020-06-02T10:17:33Z,bonus,0.3
7907,PlayerBonus,2020-06-02T10:17:33Z,totalBonus,2.8
7907,PlayerBonus,2020-06-02T10:17:33Z,pid,human1